,GameScoreAverage,GameScoreNormalized,game,seed
0,166.39999389648438,0.20598186552524567,bankheist,0
1,3607.0,0.02347700484097004,timepilot,1
2,1187.199951171875,0.13904549181461334,alien,2
3,709.1199951171875,0.8240790367126465,enduro,3
4,7204.39990234375,5.251896858215332,krull,4
5,2103.0,0.19644811749458313,choppercommand,5
6,4389.5,0.3179270327091217,qbert,6
7,30205.33984375,1.7096168994903564,videopinball,7
8,-2.069999933242798,0.03396482765674591,pitfall,8
9,0.0,0.0,venture,9
10,9592.25,0.2874302864074707,hero,10
11,32677.0,1.4422452449798584,kungfumaster,11
12,-7.070000171661377,1.0793548822402954,tennis,12
13,2624.60009765625,1.0984268188476562,gopher,13
14,10208.7001953125,1.3751628398895264,namethisgame,14
15,439.0,-0.02969234436750412,wizardofwor,15
16,3157.0,0.3418191075325012,zaxxon,16
17,1256.0999755859375,0.011506419628858566,asteroids,17
18,9727.0,1.3833240270614624,phoenix,18
19,100.61000061035156,0.5711267590522766,tutankham,19
20,301.6000061035156,0.055369481444358826,frostbite,20
21,1132.199951171875,0.02533683553338051,seaquest,21
22,36949.0,4.715325355529785,roadrunner,22
23,6974.580078125,0.39913299679756165,beamrider,23
24,6996.0,0.3585348129272461,riverraid,24
25,-18.239999771118164,0.16363635659217834,doubledunk,25
26,248.8000030517578,-0.08904097229242325,solaris,26
27,24740.0,0.642595648765564,battlezone,27
28,27509.349609375,15.040546417236328,demonattack,28
29,70601.0,3.5697021484375,atlantis,29
30,-9454.7802734375,0.5989499688148499,skiing,30
31,4189.0,0.47978487610816956,asterix,31
32,2006.5,3.433602809906006,assault,32
33,706.5999755859375,0.23253680765628815,berzerk,33
34,3162.0,1.0425746440887451,kangaroo,34
35,24.489999771118164,0.8273648619651794,freeway,35
36,9513.2197265625,0.12470515072345734,yarsrevenge,36
37,30103.0,2.649653196334839,upndown,37
38,826.2999877929688,0.44604459404945374,spaceinvaders,38
39,30.0,0.05014535039663315,bowling,39
40,1961.5,7.058071613311768,jamesbond,40
41,-11.640000343322754,1.510565996170044,fishingderby,41
42,8665.5302734375,0.6623578071594238,centipede,42
43,-0.3799999952316284,0.8942148685455322,icehockey,43
44,28.81999969482422,2.7443299293518066,robotank,44
45,350.80999755859375,12.121874809265137,breakout,45
46,15.760000228881836,1.0328612327575684,pong,46
47,2285.199951171875,0.2976837158203125,mspacman,47
48,100.0,0.001079854555428028,privateeye,48
49,85945.0,3.0007107257843018,crazyclimber,49
50,374.54998779296875,0.21517768502235413,amidar,50
51,86.36000061035156,7.188333511352539,boxing,51
52,0.0,0.0,montezumarevenge,52
53,208.5,0.011169142089784145,gravitar,53
54,16286.0,1.6296682357788086,stargunner,54
55,965.2999877929688,1.2871836423873901,bankheist,55
56,4638.0,0.6441127061843872,timepilot,56
57,1268.699951171875,0.15085725486278534,alien,57
58,1297.760009765625,1.5081464052200317,enduro,58
59,6069.7998046875,4.189039707183838,krull,59
60,4684.0,0.5888882279396057,choppercommand,60
61,2117.5,0.14698557555675507,qbert,61
62,24681.279296875,1.3969560861587524,videopinball,62
63,0.0,0.03427410498261452,pitfall,63
64,0.0,0.0,venture,64
65,7336.39990234375,0.21172909438610077,hero,65
66,17459.0,0.7652217149734497,kungfumaster,66
67,0.0,1.5354838371276855,tennis,67
68,3108.60009765625,1.3230311870574951,gopher,68
69,10135.7001953125,1.362481951713562,namethisgame,69
70,529.0,-0.008227999322116375,wizardofwor,70
71,4363.0,0.47375503182411194,zaxxon,71
72,1104.5999755859375,0.008260195143520832,asteroids,72
73,21656.099609375,3.223893642425537,phoenix,73
74,100.73999786376953,0.5719590187072754,tutankham,74
75,201.6999969482422,0.031970955431461334,frostbite,75
76,909.0,0.02002081647515297,seaquest,76
77,19906.0,2.5396692752838135,roadrunner,77
78,7753.5400390625,0.44616425037384033,beamrider,78
79,6054.2001953125,0.29884976148605347,riverraid,79
80,-18.200000762939453,0.1818181872367859,doubledunk,80
81,657.2000122070312,-0.05221633240580559,solaris,81
82,24320.0,0.6305361986160278,battlezone,82
83,31978.30078125,17.49749755859375,demonattack,83
84,198554.0,11.478727340698242,atlantis,84
85,-9220.7900390625,0.617285966873169,skiing,85
86,21862.5,2.61084246635437,asterix,86
87,2693.260009765625,4.755311965942383,assault,87
88,800.7000122070312,0.270076185464859,berzerk,88
89,9973.0,3.3258464336395264,kangaroo,89
90,26.489999771118164,0.8949324488639832,freeway,90
91,9895.1103515625,0.13212279975414276,yarsrevenge,91
92,25809.0,2.2648792266845703,upndown,92
93,732.4500122070312,0.38432958722114563,spaceinvaders,93
94,30.0,0.05014535039663315,bowling,94
95,587.5,2.0398101806640625,jamesbond,95
96,-4.610000133514404,1.6432075500488281,fishingderby,96
97,6663.39013671875,0.4606532156467438,centipede,97
98,-0.4699999988079071,0.886776864528656,icehockey,98
99,28.920000076293945,2.754639148712158,robotank,99
100,395.3999938964844,13.67013931274414,breakout,100
101,1.850000023841858,0.6388102173805237,pong,101
102,2463.699951171875,0.3245488703250885,mspacman,102
103,100.0,0.001079854555428028,privateeye,103
104,69785.0,2.355572462081909,crazyclimber,104
105,246.02999877929688,0.14018206298351288,amidar,105
106,78.25,6.512499809265137,boxing,106
107,0.0,0.0,montezumarevenge,107
108,492.5,0.10052227228879929,gravitar,108
109,25222.0,2.561861038208008,stargunner,109
110,377.8999938964844,0.49221816658973694,bankheist,110
111,4321.0,0.4532867670059204,timepilot,111
112,1338.9000244140625,0.1610313206911087,alien,112
113,238.1999969482422,0.276815801858902,enduro,113
114,8225.2998046875,6.208243370056152,krull,114
115,8196.0,1.1228865385055542,choppercommand,115
116,4221.0,0.3052493631839752,qbert,116
117,23327.4296875,1.3203283548355103,videopinball,117
118,-2.630000114440918,0.033881161361932755,pitfall,118
119,0.0,0.0,venture,119
120,7907.89990234375,0.23090733587741852,hero,120
121,20061.0,0.880980372428894,kungfumaster,121
122,0.0,1.5354838371276855,tennis,122
123,2374.0,0.9821337461471558,gopher,123
124,11911.099609375,1.67088782787323,namethisgame,124
125,1343.0,0.1859050840139389,wizardofwor,125
126,2290.0,0.24696962535381317,zaxxon,126
127,1116.0,0.008504465222358704,asteroids,127
128,21999.30078125,3.2768468856811523,phoenix,128
129,2.609999895095825,-0.05627400800585747,tutankham,129
130,3040.39990234375,0.6968497633934021,frostbite,130
131,1118.5999755859375,0.025012921541929245,seaquest,131
132,31189.0,3.9800217151641846,roadrunner,132
133,7110.83984375,0.4073599576950073,beamrider,133
134,8065.7001953125,0.4263252913951874,riverraid,134
135,-14.640000343322754,1.7999999523162842,doubledunk,135
136,479.20001220703125,-0.06826625019311905,solaris,136
137,28960.0,0.7637642621994019,battlezone,137
138,38696.94921875,21.19129753112793,demonattack,138
139,448345.0,26.918798446655273,atlantis,139
140,-29912.23046875,-1.0041477680206299,skiing,140
141,19478.0,2.3233213424682617,asterix,141
142,3020.590087890625,5.385277271270752,assault,142
143,831.0,0.2821637988090515,berzerk,143
144,5294.0,1.757291316986084,kangaroo,144
145,28.3700008392334,0.9584459662437439,freeway,145
146,16623.44921875,0.26281076669692993,yarsrevenge,146
147,16903.900390625,1.4669169187545776,upndown,147
148,1107.8499755859375,0.6311895847320557,spaceinvaders,148
149,30.0,0.05014535039663315,bowling,149
150,606.0,2.107377529144287,jamesbond,150
151,-8.3100004196167,1.5733962059020996,fishingderby,151
152,6662.7099609375,0.46058472990989685,centipede,152
153,-4.420000076293945,0.5603305697441101,icehockey,153
154,19.59000015258789,1.792783498764038,robotank,154
155,369.9100036621094,12.785069465637207,breakout,155
156,14.5,0.9971671104431152,pong,156
157,2134.300048828125,0.274972528219223,mspacman,157
158,115.30000305175781,0.0012998515740036964,privateeye,158
159,64438.0,2.1421101093292236,crazyclimber,159
160,282.57000732421875,0.1615043431520462,amidar,160
161,75.66000366210938,6.296666622161865,boxing,161
162,0.0,0.0,montezumarevenge,162
163,239.5,0.020922476425766945,gravitar,163
164,45250.0,4.651157855987549,stargunner,164
165,921.2000122070312,1.227500319480896,bankheist,165
166,3933.0,0.21972067654132843,timepilot,166
167,979.9000244140625,0.10900157690048218,alien,167
168,1099.489990234375,1.2777339220046997,enduro,168
169,7068.60009765625,5.124683856964111,krull,169
170,1528.0,0.10901958495378494,choppercommand,170
171,4039.0,0.2915560007095337,qbert,171
172,28003.5390625,1.5849953889846802,videopinball,172
173,0.0,0.03427410498261452,pitfall,173
174,2.0,0.0016842104960232973,venture,174
175,8035.2001953125,0.23517923057079315,hero,175
176,20491.0,0.9001103043556213,kungfumaster,176
177,-19.959999084472656,0.2477419376373291,tennis,177
178,2319.800048828125,0.9569817781448364,gopher,178
179,9988.900390625,1.3369812965393066,namethisgame,179
180,844.0,0.0668972060084343,wizardofwor,180
181,4827.0,0.5245164632797241,zaxxon,181
182,1901.0,0.025324836373329163,asteroids,182
183,16703.400390625,2.4597296714782715,phoenix,183
184,103.76000213623047,0.591293215751648,tutankham,184
185,2726.300048828125,0.6232814192771912,frostbite,185
186,1119.5999755859375,0.025036737322807312,seaquest,186
187,31235.0,3.985893964767456,roadrunner,187
188,10033.01953125,0.5837923884391785,beamrider,188
189,8488.7001953125,0.4531322419643402,riverraid,189
190,-17.200000762939453,0.6363636255264282,doubledunk,190
191,213.39999389648438,-0.09223292022943497,solaris,191
192,29890.0,0.7904673218727112,battlezone,192
193,25294.099609375,13.822640419006348,demonattack,193
194,241333.0,14.122981071472168,atlantis,194
195,-29913.970703125,-1.0042840242385864,skiing,195
196,12087.0,1.4321198463439941,asterix,196
197,1965.52001953125,3.354734420776367,assault,197
198,810.7999877929688,0.27410539984703064,berzerk,198
199,1842.0,0.6000670194625854,kangaroo,199
200,23.639999389648438,0.7986486554145813,freeway,200
201,9005.1298828125,0.11483626067638397,yarsrevenge,201
202,84286.703125,7.504910469055176,upndown,202
203,873.9500122070312,0.47737884521484375,spaceinvaders,203
204,39.529998779296875,0.11940407007932663,bowling,204
205,1087.0,3.8641343116760254,jamesbond,205
206,9.140000343322754,1.9026415348052979,fishingderby,206
207,7102.0400390625,0.5048447847366333,centipede,207
208,-1.649999976158142,0.78925621509552,icehockey,208
209,29.06999969482422,2.7701029777526855,robotank,209
210,366.7200012207031,12.67430591583252,breakout,210
211,13.149999618530273,0.9589235186576843,pong,211
212,2152.39990234375,0.2776966691017151,mspacman,212
213,100.0,0.001079854555428028,privateeye,213
214,71202.0,2.412141799926758,crazyclimber,214
215,290.3500061035156,0.1660442352294922,amidar,215
216,93.45999908447266,7.78000020980835,boxing,216
217,0.0,0.0,montezumarevenge,217
218,400.0,0.07141958177089691,gravitar,218
219,35370.0,3.620488166809082,stargunner,219
220,1022.0999755859375,1.3640546798706055,bankheist,220
221,3630.0,0.03732241690158844,timepilot,221
222,1346.300048828125,0.1621038019657135,alien,222
223,1177.3699951171875,1.368239402770996,enduro,223
224,7488.5,5.518032550811768,krull,224
225,1952.0,0.17348863184452057,choppercommand,225
226,3297.0,0.2357291728258133,qbert,226
227,29514.41015625,1.6705104112625122,videopinball,227
228,0.0,0.03427410498261452,pitfall,228
229,0.0,0.0,venture,229
230,10591.650390625,0.3209678828716278,hero,230
231,16449.0,0.7202884554862976,kungfumaster,231
232,18.649999618530273,2.7387096881866455,tennis,232
233,2888.0,1.220659852027893,gopher,233
234,10969.0,1.507235050201416,namethisgame,234
235,1574.0,0.24099689722061157,wizardofwor,235
236,4934.0,0.5362222194671631,zaxxon,236
237,1036.0,0.00679028732702136,asteroids,237
238,8997.0,1.2706905603408813,phoenix,238
239,107.7300033569336,0.6167093515396118,tutankham,239
240,984.2999877929688,0.21527111530303955,frostbite,240
241,1145.0,0.02564169652760029,seaquest,241
242,29532.0,3.7684943675994873,roadrunner,242
243,8359.8203125,0.48276960849761963,beamrider,243
244,4466.89990234375,0.1982572376728058,riverraid,244
245,-11.039999961853027,3.436363697052002,doubledunk,245
246,826.5999755859375,-0.03694185987114906,solaris,246
247,20910.0,0.5326250791549683,battlezone,247
248,9298.9501953125,5.028780937194824,demonattack,248
249,220168.0,12.814730644226074,atlantis,249
250,-29897.119140625,-1.002963662147522,skiing,250
251,6511.5,0.7598302364349365,asterix,251
252,2449.489990234375,4.286162376403809,assault,252
253,776.9000244140625,0.2605816423892975,berzerk,253
254,6416.0,2.133422613143921,kangaroo,254
255,24.059999465942383,0.8128378391265869,freeway,255
256,8897.740234375,0.11275036633014679,yarsrevenge,256
257,13223.099609375,1.1370903253555298,upndown,257
258,769.0999755859375,0.4084303379058838,spaceinvaders,258
259,29.940000534057617,0.04970930144190788,bowling,259
260,789.0,2.7757487297058105,jamesbond,260
261,-2.7799999713897705,1.6777358055114746,fishingderby,261
262,7817.5400390625,0.5769274830818176,centipede,262
263,-2.5999999046325684,0.71074378490448,icehockey,263
264,19.270000457763672,1.759793758392334,robotank,264
265,346.7099914550781,11.979514122009277,breakout,265
266,13.729999542236328,0.9753541350364685,pong,266
267,2328.199951171875,0.3041554391384125,mspacman,267
268,100.0,0.001079854555428028,privateeye,268
269,75569.0,2.5864808559417725,crazyclimber,269
270,202.58999633789062,0.11483339965343475,amidar,270
271,82.4800033569336,6.864999771118164,boxing,271
272,0.0,0.0,montezumarevenge,272
273,427.5,0.08007173240184784,gravitar,273
274,29446.0,3.0025036334991455,stargunner,274
275,999.0999755859375,1.3329273462295532,bankheist,275
276,2789.0,-0.46893811225891113,timepilot,276
277,1264.699951171875,0.1502775400876999,alien,277
278,1012.1599731445312,1.1762464046478271,enduro,278
279,8503.7001953125,6.4690399169921875,krull,279
280,1178.0,0.05580221489071846,choppercommand,280
281,3683.5,0.2648087739944458,qbert,281
282,31667.9296875,1.7923991680145264,videopinball,282
283,-504.54998779296875,-0.04110950231552124,pitfall,283
284,0.0,0.0,venture,284
285,7858.85009765625,0.22926132380962372,hero,285
286,26336.0,1.1601446866989136,kungfumaster,286
287,-1.2200000286102295,1.4567742347717285,tennis,287
288,2528.800048828125,1.0539699792861938,gopher,288
289,12632.599609375,1.796220064163208,namethisgame,289
290,508.0,-0.013236346654593945,wizardofwor,290
291,6415.0,0.6982430219650269,zaxxon,291
292,1320.800048828125,0.012892761267721653,asteroids,292
293,18513.5,2.7390143871307373,phoenix,293
294,142.8300018310547,0.8414212465286255,tutankham,294
295,2953.300048828125,0.6764492392539978,frostbite,295
296,1092.5999755859375,0.02439367212355137,seaquest,296
297,28197.0,3.5980722904205322,roadrunner,297
298,7785.0400390625,0.4480661153793335,beamrider,298
299,7176.89990234375,0.3699990510940552,riverraid,299
300,-13.970000267028809,2.1045453548431396,doubledunk,300
301,420.0,-0.07360419631004333,solaris,301
302,28820.0,0.7597444653511047,battlezone,302
303,40570.0,22.221067428588867,demonattack,303
304,63250.0,3.1153225898742676,atlantis,304
305,-29898.08984375,-1.0030397176742554,skiing,305
306,18408.0,2.1943013668060303,asterix,306
307,1633.72998046875,2.7161855697631836,assault,307
308,784.2999877929688,0.26353374123573303,berzerk,308
309,7960.0,2.651022434234619,kangaroo,309
310,26.639999389648438,0.8999999761581421,freeway,310
311,8532.900390625,0.10566389560699463,yarsrevenge,311
312,11897.7998046875,1.0183336734771729,upndown,312
313,725.25,0.37959492206573486,spaceinvaders,313
314,30.0,0.05014535039663315,bowling,314
315,950.0,3.363769292831421,jamesbond,315
316,22.719999313354492,2.158867835998535,fishingderby,316
317,8734.009765625,0.6692568063735962,centipede,317
318,-2.5,0.7190082669258118,icehockey,318
319,25.889999389648438,2.442268133163452,robotank,319
320,342.1700134277344,11.821874618530273,breakout,320
321,14.710000038146973,1.0031161308288574,pong,321
322,2077.39990234375,0.2664088010787964,mspacman,322
323,100.0,0.001079854555428028,privateeye,323
324,71721.0,2.432861328125,crazyclimber,324
325,238.41000366210938,0.13573554158210754,amidar,325
326,77.68000030517578,6.465000152587891,boxing,326
327,0.0,0.0,montezumarevenge,327
328,454.5,0.08856657147407532,gravitar,328
329,35872.0,3.672856330871582,stargunner,329
330,113.5999984741211,0.13452428579330444,bankheist,330
331,4298.0,0.43944135308265686,timepilot,331
332,1180.800048828125,0.1381179392337799,alien,332
333,1290.1400146484375,1.4992910623550415,enduro,333
334,7997.2001953125,5.994566917419434,krull,334
335,4665.0,0.5859992504119873,choppercommand,335
336,4099.75,0.29612672328948975,qbert,336
337,42461.6796875,2.4033236503601074,videopinball,337
338,0.0,0.03427410498261452,pitfall,338
339,0.0,0.0,venture,339
340,7261.89990234375,0.20922905206680298,hero,340
341,17066.0,0.7477377653121948,kungfumaster,341
342,0.0,1.5354838371276855,tennis,342
343,1152.4000244140625,0.41523969173431396,gopher,343
344,12273.0,1.7337536811828613,namethisgame,344
345,2248.0,0.40174099802970886,wizardofwor,345
346,4338.0,0.47102004289627075,zaxxon,346
347,1169.199951171875,0.009644393809139729,asteroids,347
348,27586.400390625,4.138894081115723,phoenix,348
349,100.41999816894531,0.5699103474617004,tutankham,349
350,2474.199951171875,0.5642346739768982,frostbite,350
351,758.0,0.016424404457211494,seaquest,351
352,32677.0,4.169975280761719,roadrunner,352
353,6760.81982421875,0.3862268030643463,beamrider,353
354,7617.2998046875,0.39790868759155273,riverraid,354
355,-19.200000762939453,-0.27272728085517883,doubledunk,355
356,1412.4000244140625,0.015878597274422646,solaris,356
357,17350.0,0.43040701746940613,battlezone,357
358,22601.599609375,12.342350006103516,demonattack,358
359,129074.0,7.184032917022705,atlantis,359
360,-29906.869140625,-1.003727674484253,skiing,360
361,12909.5,1.5312963724136353,asterix,361
362,3331.669921875,5.983968257904053,assault,362
363,532.7000122070312,0.1631627231836319,berzerk,363
364,4641.0,1.538384199142456,kangaroo,364
365,27.059999465942383,0.9141891598701477,freeway,365
366,7915.330078125,0.09366852045059204,yarsrevenge,366
367,49106.8984375,4.352541923522949,upndown,367
368,1383.550048828125,0.8124876618385315,spaceinvaders,368
369,30.0,0.05014535039663315,bowling,369
370,936.0,3.3126368522644043,jamesbond,370
371,1.2200000286102295,1.7532075643539429,fishingderby,371
372,8004.47998046875,0.5957606434822083,centipede,372
373,-1.7300000190734863,0.7826446294784546,icehockey,373
374,28.329999923706055,2.693814516067505,robotank,374
375,364.0799865722656,12.58263874053955,breakout,375
376,15.8100004196167,1.0342776775360107,pong,376
377,1878.5999755859375,0.23648841679096222,mspacman,377
378,100.0,0.001079854555428028,privateeye,378
379,48113.0,1.490384817123413,crazyclimber,379
380,157.64999389648438,0.08860944211483002,amidar,380
381,89.08999633789062,7.415833473205566,boxing,381
382,0.0,0.0,montezumarevenge,382
383,492.0,0.10036496073007584,gravitar,383
384,39298.0,4.030252456665039,stargunner,384
385,117.19999694824219,0.13939639925956726,bankheist,385
386,4099.0,0.3196484446525574,timepilot,386
387,1393.699951171875,0.16897346079349518,alien,387
388,1225.77001953125,1.4244858026504517,enduro,388
389,8587.900390625,6.547915458679199,krull,389
390,7873.0,1.0737744569778442,choppercommand,390
391,8409.75,0.6204038858413696,qbert,391
392,67213.7265625,3.8042852878570557,videopinball,392
393,0.0,0.03427410498261452,pitfall,393
394,2.0,0.0016842104960232973,venture,394
395,3768.199951171875,0.09198842942714691,hero,395
396,10618.0,0.4608769416809082,kungfumaster,396
397,-7.239999771118164,1.0683871507644653,tennis,397
398,3275.60009765625,1.4005290269851685,gopher,398
399,12708.7998046875,1.8094568252563477,namethisgame,399
400,1610.0,0.24958263337612152,wizardofwor,400
401,4486.0,0.4872111976146698,zaxxon,401
402,1448.5,0.01562901772558689,asteroids,402
403,17286.099609375,2.549635887145996,phoenix,403
404,73.94000244140625,0.4003841280937195,tutankham,404
405,2999.89990234375,0.687363862991333,frostbite,405
406,815.2000122070312,0.017786754295229912,seaquest,406
407,31544.0,4.0253400802612305,roadrunner,407
408,4800.68017578125,0.2678794264793396,beamrider,408
409,8701.0,0.4665863811969757,riverraid,409
410,-13.460000038146973,2.3363635540008545,doubledunk,410
411,368.0,-0.07829293608665466,solaris,411
412,27320.0,0.7166750431060791,battlezone,412
413,27590.400390625,15.08510684967041,demonattack,413
414,62238.0,3.0527689456939697,atlantis,414
415,-29903.30078125,-1.0034480094909668,skiing,415
416,3333.5,0.3766293227672577,asterix,416
417,2335.679931640625,4.067128658294678,assault,417
418,803.5999755859375,0.27123308181762695,berzerk,418
419,2050.0,0.6697955131530762,kangaroo,419
420,20.799999237060547,0.7027027010917664,freeway,420
421,9991.9599609375,0.13400396704673767,yarsrevenge,421
422,32095.599609375,2.828204870223999,upndown,422
423,875.4000244140625,0.4783323407173157,spaceinvaders,423
424,30.0,0.05014535039663315,bowling,424
425,846.0,2.9839298725128174,jamesbond,425
426,-14.890000343322754,1.4492453336715698,fishingderby,426
427,7074.14990234375,0.5020350217819214,centipede,427
428,-3.1600000858306885,0.6644628047943115,icehockey,428
429,19.34000015258789,1.7670103311538696,robotank,429
430,380.9200134277344,13.16736125946045,breakout,430
431,15.100000381469727,1.0141643285751343,pong,431
432,2402.5,0.3153379559516907,mspacman,432
433,100.0,0.001079854555428028,privateeye,433
434,83828.0,2.916195869445801,crazyclimber,434
435,211.30999755859375,0.11992180347442627,amidar,435
436,85.22000122070312,7.0933332443237305,boxing,436
437,0.0,0.0,montezumarevenge,437
438,431.5,0.08133023232221603,gravitar,438
439,42877.0,4.403609275817871,stargunner,439
440,637.0,0.8428745269775391,bankheist,440
441,3105.0,-0.2787141799926758,timepilot,441
442,1225.9000244140625,0.1446542739868164,alien,442
443,1431.3599853515625,1.663404941558838,enduro,443
444,7795.0,5.805152416229248,krull,444
445,3352.0,0.3863581120967865,choppercommand,445
446,4072.5,0.29407647252082825,qbert,446
447,26470.19921875,1.4982086420059204,videopinball,447
448,0.0,0.03427410498261452,pitfall,448
449,0.0,0.0,venture,449
450,7846.4501953125,0.22884520888328552,hero,450
451,13441.0,0.5864675641059875,kungfumaster,451
452,-19.290000915527344,0.290967732667923,tennis,452
453,2680.39990234375,1.1243213415145874,gopher,453
454,13612.400390625,1.9664217233657837,namethisgame,454
455,2065.0,0.3580968379974365,wizardofwor,455
456,3101.0,0.33569270372390747,zaxxon,456
457,1140.5999755859375,0.009031575173139572,asteroids,457
458,13938.599609375,2.03314208984375,phoenix,458
459,96.4000015258789,0.5441741347312927,tutankham,459
460,2641.60009765625,0.6034430265426636,frostbite,460
461,1496.4000244140625,0.03401109576225281,seaquest,461
462,31868.0,4.0667009353637695,roadrunner,462
463,6054.68017578125,0.34359219670295715,beamrider,463
464,6759.39990234375,0.34354066848754883,riverraid,464
465,-14.039999961853027,2.0727272033691406,doubledunk,465
466,492.3999938964844,-0.06707602739334106,solaris,466
467,26200.0,0.6845165491104126,battlezone,467
468,54130.6015625,29.67645263671875,demonattack,468
469,631637.0,38.248435974121094,atlantis,469
470,-29903.419921875,-1.0034573078155518,skiing,470
471,4188.5,0.47972458600997925,asterix,471
472,2501.739990234375,4.386720657348633,assault,472
473,878.4000244140625,0.3010731339454651,berzerk,473
474,5502.0,1.8270198106765747,kangaroo,474
475,24.40999984741211,0.8246621489524841,freeway,475
476,15493.8701171875,0.2408703714609146,yarsrevenge,476
477,7924.7001953125,0.6623147130012512,upndown,477
478,705.5499877929688,0.3666403591632843,spaceinvaders,478
479,2.390000104904175,-0.15050871670246124,bowling,479
480,2528.5,9.128926277160645,jamesbond,480
481,15.600000381469727,2.0245282649993896,fishingderby,481
482,7060.740234375,0.5006840825080872,centipede,482
483,-5.760000228881836,0.44958677887916565,icehockey,483
484,19.780000686645508,1.8123711347579956,robotank,484
485,322.5899963378906,11.142013549804688,breakout,485
486,14.350000381469727,0.9929178357124329,pong,486
487,2255.5,0.29321372509002686,mspacman,487
488,0.0,-0.00035803436185233295,privateeye,488
489,79387.0,2.7389028072357178,crazyclimber,489
490,266.4599914550781,0.15210363268852234,amidar,490
491,81.45999908447266,6.78000020980835,boxing,491
492,0.0,0.0,montezumarevenge,492
493,439.5,0.08384721726179123,gravitar,493
494,13021.0,1.2890673875808716,stargunner,494
495,71.69999694824219,0.0778183788061142,bankheist,495
496,1243.0,-1.3995906114578247,timepilot,496
497,1313.5,0.1573501080274582,alien,497
498,1330.1600341796875,1.545798897743225,enduro,498
499,7486.60009765625,5.5162529945373535,krull,499
500,3705.0,0.44003161787986755,choppercommand,500
501,6890.75,0.5061168670654297,qbert,501
502,30121.259765625,1.7048579454421997,videopinball,502
503,-91.7699966430664,0.020562967285513878,pitfall,503
504,0.0,0.0,venture,504
505,7791.4501953125,0.22699953615665436,hero,505
506,22218.0,0.976941704750061,kungfumaster,506
507,-21.75,0.13225805759429932,tennis,507
508,2902.800048828125,1.2275279760360718,gopher,508
509,11019.2998046875,1.5159727334976196,namethisgame,509
510,1973.0,0.336155503988266,wizardofwor,510
511,6253.0,0.6805202960968018,zaxxon,511
512,1623.9000244140625,0.01938735321164131,asteroids,512
513,6380.0,0.8669073581695557,phoenix,513
514,93.45999908447266,0.5253521203994751,tutankham,514
515,3097.60009765625,0.7102470993995667,frostbite,515
516,1114.0,0.02490336075425148,seaquest,516
517,26180.0,3.3405885696411133,roadrunner,517
518,7087.0,0.4059205651283264,beamrider,518
519,5966.39990234375,0.2932855784893036,riverraid,519
520,-20.860000610351562,-1.0272727012634277,doubledunk,520
521,649.7999877929688,-0.0528835766017437,solaris,521
522,29910.0,0.7910415530204773,battlezone,522
523,16426.75,8.94752311706543,demonattack,523
524,153155.0,8.672526359558105,atlantis,524
525,-29913.140625,-1.0042190551757812,skiing,525
526,15899.5,1.8918282985687256,asterix,526
527,1897.3299560546875,3.223498821258545,assault,527
528,845.4000244140625,0.2879084050655365,berzerk,528
529,5117.0,1.6979551315307617,kangaroo,529
530,19.6299991607666,0.6631757020950317,freeway,530
531,9637.76953125,0.1271243542432785,yarsrevenge,531
532,97281.296875,8.66932201385498,upndown,532
533,698.2999877929688,0.3618728220462799,spaceinvaders,533
534,28.0,0.035610463470220566,bowling,534
535,921.5,3.259678602218628,jamesbond,535
536,-19.799999237060547,1.356603741645813,fishingderby,536
537,6656.580078125,0.45996716618537903,centipede,537
538,-0.9800000190734863,0.844628095626831,icehockey,538
539,27.0,2.5567009449005127,robotank,539
540,332.82000732421875,11.497221946716309,breakout,540
541,16.110000610351562,1.0427762269973755,pong,541
542,2354.300048828125,0.3080836236476898,mspacman,542
543,0.0,-0.00035803436185233295,privateeye,543
544,43936.0,1.323630928993225,crazyclimber,544
545,260.7099914550781,0.14874832332134247,amidar,545
546,92.66000366210938,7.7133331298828125,boxing,546
547,0.0,0.0,montezumarevenge,547
548,388.0,0.06764409691095352,gravitar,548
549,32593.0,3.3307948112487793,stargunner,549
550,133.3000030517578,0.16118554770946503,bankheist,550
551,3883.0,0.1896219551563263,timepilot,551
552,1292.0,0.1542341262102127,alien,552
553,1266.77001953125,1.4721324443817139,enduro,553
554,8834.0,6.778454303741455,krull,554
555,11480.0,1.6222175359725952,choppercommand,555
556,3567.75,0.2560999393463135,qbert,556
557,26259.169921875,1.4862643480300903,videopinball,557
558,-10.619999885559082,0.03268739581108093,pitfall,558
559,20.0,0.016842104494571686,venture,559
560,7562.85009765625,0.21932823956012726,hero,560
561,13178.0,0.5747671127319336,kungfumaster,561
562,-5.480000019073486,1.181935429573059,tennis,562
563,2941.199951171875,1.2453478574752808,gopher,563
564,12786.5,1.8229541778564453,namethisgame,564
565,1737.0,0.27987122535705566,wizardofwor,565
566,4695.0,0.5100756883621216,zaxxon,566
567,1462.9000244140625,0.015937570482492447,asteroids,567
568,11071.099609375,1.5907084941864014,phoenix,568
569,116.93000030517578,0.675608217716217,tutankham,569
570,3608.0,0.8297927379608154,frostbite,570
571,1198.800048828125,0.02692306786775589,seaquest,571
572,34029.0,4.342566967010498,roadrunner,572
573,7135.759765625,0.4088645577430725,beamrider,573
574,7434.89990234375,0.3863493800163269,riverraid,574
575,-15.65999984741211,1.336363673210144,doubledunk,575
576,234.0,-0.09037546068429947,solaris,576
577,27210.0,0.7135165929794312,battlezone,577
578,34215.75,18.727609634399414,demonattack,578
579,93173.0,4.964921951293945,atlantis,579
580,-29902.16015625,-1.0033586025238037,skiing,580
581,10483.0,1.2387107610702515,asterix,581
582,2777.18994140625,4.916840076446533,assault,582
583,659.7999877929688,0.21386682987213135,berzerk,583
584,12867.0,4.296010494232178,kangaroo,584
585,23.329999923706055,0.7881757020950317,freeway,585
586,8558.91015625,0.10616910457611084,yarsrevenge,586
587,71200.1015625,6.332254886627197,upndown,587
588,820.25,0.44206616282463074,spaceinvaders,588
589,30.0,0.05014535039663315,bowling,589
590,774.0,2.720964193344116,jamesbond,590
591,9.649999618530273,1.912264108657837,fishingderby,591
592,8932.580078125,0.6892616152763367,centipede,592
593,-0.1599999964237213,0.9123966693878174,icehockey,593
594,32.209999084472656,3.0938143730163574,robotank,594
595,365.6600036621094,12.637499809265137,breakout,595
596,6.309999942779541,0.7651557922363281,pong,596
597,2284.60009765625,0.2975934147834778,mspacman,597
598,0.0,-0.00035803436185233295,privateeye,598
599,107939.0,3.878753185272217,crazyclimber,599
600,227.33999633789062,0.1292758285999298,amidar,600
601,79.08999633789062,6.582499980926514,boxing,601
602,0.0,0.0,montezumarevenge,602
603,304.0,0.04121570661664009,gravitar,603
604,38550.0,3.9522221088409424,stargunner,604
605,907.0999755859375,1.2084178924560547,bankheist,605
606,3447.0,-0.0728389099240303,timepilot,606
607,1332.0999755859375,0.1600458025932312,alien,607
608,298.0199890136719,0.3463335335254669,enduro,608
609,7061.7001953125,5.118220329284668,krull,609
610,2620.0,0.2750577926635742,choppercommand,610
611,3449.5,0.2472030222415924,qbert,611
612,16315.4697265625,0.9234526753425598,videopinball,612
613,0.0,0.03427410498261452,pitfall,613
614,0.0,0.0,venture,614
615,5506.4501953125,0.1503201425075531,hero,615
616,18702.0,0.8205206990242004,kungfumaster,616
617,17.469999313354492,2.662580728530884,tennis,617
618,2275.199951171875,0.9362847208976746,gopher,618
619,12367.7998046875,1.7502214908599854,namethisgame,619
620,2198.0,0.38981637358665466,wizardofwor,620
621,2404.0,0.25944119691848755,zaxxon,621
622,2443.60009765625,0.03695124760270119,asteroids,622
623,12013.599609375,1.7361291646957397,phoenix,623
624,93.7300033569336,0.5270806550979614,tutankham,624
625,683.5,0.14481788873672485,frostbite,625
626,1037.4000244140625,0.023078957572579384,seaquest,626
627,26852.0,3.4263739585876465,roadrunner,627
628,7756.52001953125,0.44634416699409485,beamrider,628
629,7704.89990234375,0.40346017479896545,riverraid,629
630,-16.440000534057617,0.9818181991577148,doubledunk,630
631,888.7999877929688,-0.031333405524492264,solaris,631
632,31130.0,0.8260713219642639,battlezone,632
633,24236.5,13.241189956665039,demonattack,633
634,25080.0,0.75596022605896,atlantis,634
635,-29893.759765625,-1.0027003288269043,skiing,635
636,7541.0,0.8839665651321411,asterix,636
637,2407.780029296875,4.2058892250061035,assault,637
638,671.4000244140625,0.21849443018436432,berzerk,638
639,10390.0,3.4656386375427246,kangaroo,639
640,25.559999465942383,0.8635135293006897,freeway,640
641,10583.6904296875,0.14549744129180908,yarsrevenge,641
642,16998.80078125,1.4754207134246826,upndown,642
643,756.6500244140625,0.4002433121204376,spaceinvaders,643
644,58.959999084472656,0.2606104612350464,bowling,644
645,2075.5,7.474433898925781,jamesbond,645
646,-7.25,1.5933961868286133,fishingderby,646
647,8015.740234375,0.5968950390815735,centipede,647
648,-7.78000020980835,0.2826446294784546,icehockey,648
649,27.25,2.5824742317199707,robotank,649
650,357.9700012207031,12.37048625946045,breakout,650
651,-0.7099999785423279,0.566288948059082,pong,651
652,2395.60009765625,0.31429946422576904,mspacman,652
653,100.0,0.001079854555428028,privateeye,653
654,76678.0,2.630754232406616,crazyclimber,654
655,284.54998779296875,0.16265974938869476,amidar,655
656,69.4800033569336,5.7816667556762695,boxing,656
657,0.0,0.0,montezumarevenge,657
658,298.0,0.039327964186668396,gravitar,658
659,33432.0,3.418318271636963,stargunner,659
660,176.60000610351562,0.2197861671447754,bankheist,660
661,3098.0,-0.2829279899597168,timepilot,661
662,1231.699951171875,0.14549486339092255,alien,662
663,1258.3299560546875,1.4623242616653442,enduro,663
664,7971.10009765625,5.970117092132568,krull,664
665,1472.0,0.1005048081278801,choppercommand,665
666,4144.25,0.299474835395813,qbert,666
667,35091.21875,1.9861568212509155,videopinball,667
668,0.0,0.03427410498261452,pitfall,668
669,0.0,0.0,venture,669
670,7731.75,0.22499613463878632,hero,670
671,21793.0,0.9580341577529907,kungfumaster,671
672,-3.4800000190734863,1.3109676837921143,tennis,672
673,2365.0,0.9779571890830994,gopher,673
674,12230.2998046875,1.7263362407684326,namethisgame,674
675,1740.0,0.28058668971061707,wizardofwor,675
676,3081.0,0.33350473642349243,zaxxon,676
677,1255.5999755859375,0.01149570569396019,asteroids,677
678,16458.599609375,2.4219589233398438,phoenix,678
679,121.38999938964844,0.7041613459587097,tutankham,679
680,3163.60009765625,0.7257055640220642,frostbite,680
681,1227.5999755859375,0.027609005570411682,seaquest,681
682,32393.0,4.133720397949219,roadrunner,682
683,6120.0,0.34753602743148804,beamrider,683
684,7935.2998046875,0.41806140542030334,riverraid,684
685,-17.459999084472656,0.5181818008422852,doubledunk,685
686,156.8000030517578,-0.09733643382787704,solaris,686
687,30560.0,0.8097049593925476,battlezone,687
688,28945.5,15.830117225646973,demonattack,688
689,63475.0,3.129230260848999,atlantis,689
690,-29906.51953125,-1.0037002563476562,skiing,690
691,6522.0,0.7610962986946106,asterix,691
692,2262.68994140625,3.9266550540924072,assault,692
693,650.5999755859375,0.21019667387008667,berzerk,693
694,4492.0,1.4884344339370728,kangaroo,694
695,20.790000915527344,0.7023648619651794,freeway,695
696,8043.0400390625,0.09614909440279007,yarsrevenge,696
697,121702.203125,10.857613563537598,upndown,697
698,1026.25,0.5775300860404968,spaceinvaders,698
699,30.149999618530273,0.051235463470220566,bowling,699
700,800.0,2.8159239292144775,jamesbond,700
701,-8.300000190734863,1.5735849142074585,fishingderby,701
702,8685.0302734375,0.6643223166465759,centipede,702
703,-2.0799999237060547,0.7537190318107605,icehockey,703
704,24.229999542236328,2.2711341381073,robotank,704
705,359.4599914550781,12.422222137451172,breakout,705
706,11.699999809265137,0.9178470373153687,pong,706
707,1636.5999755859375,0.2000662237405777,mspacman,707
708,100.0,0.001079854555428028,privateeye,708
709,39971.0,1.165340542793274,crazyclimber,709
710,212.9499969482422,0.12087880074977875,amidar,710
711,82.38999938964844,6.857500076293945,boxing,711
712,0.0,0.0,montezumarevenge,712
713,483.0,0.09753335267305374,gravitar,713
714,52896.0,5.448779582977295,stargunner,714
715,773.2999877929688,1.027337908744812,bankheist,715
716,4834.0,0.7620996832847595,timepilot,716
717,1341.800048828125,0.16145160794258118,alien,717
718,1519.550048828125,1.7658919095993042,enduro,718
719,7427.0,5.460421562194824,krull,719
720,5308.0,0.6837671995162964,choppercommand,720
721,4239.25,0.3066224753856659,qbert,721
722,21782.80078125,1.2329026460647583,videopinball,722
723,0.0,0.03427410498261452,pitfall,723
724,0.0,0.0,venture,724
725,7516.5,0.21777284145355225,hero,725
726,22172.0,0.9748952388763428,kungfumaster,726
727,-17.280000686645508,0.420645147562027,tennis,727
728,2399.60009765625,0.9940136671066284,gopher,728
729,11993.2998046875,1.685166835784912,namethisgame,729
730,1249.0,0.1634867638349533,wizardofwor,730
731,4253.0,0.4617210626602173,zaxxon,731
732,893.7000122070312,0.0037411933299154043,asteroids,732
733,26797.0,4.017095565795898,phoenix,733
734,95.62999725341797,0.539244532585144,tutankham,734
735,1180.0999755859375,0.26113128662109375,frostbite,735
736,2067.60009765625,0.04761553183197975,seaquest,736
737,32477.0,4.144443511962891,roadrunner,737
738,9261.6796875,0.5372211933135986,beamrider,738
739,4092.199951171875,0.17451123893260956,riverraid,739
740,-15.649999618530273,1.3409091234207153,doubledunk,740
741,614.4000244140625,-0.05607552453875542,solaris,741
742,32460.0,0.8642595410346985,battlezone,742
743,16664.650390625,9.078316688537598,demonattack,743
744,134637.0,7.527892589569092,atlantis,744
745,-29901.609375,-1.0033155679702759,skiing,745
746,16334.0,1.9442200660705566,asterix,746
747,2323.830078125,4.044322490692139,assault,747
748,942.4000244140625,0.3266046941280365,berzerk,748
749,10042.0,3.348977565765381,kangaroo,749
750,28.510000228881836,0.9631756544113159,freeway,750
751,9549.5,0.12540984153747559,yarsrevenge,751
752,39121.0,3.4577322006225586,upndown,752
753,730.4000244140625,0.3829815089702606,spaceinvaders,753
754,30.059999465942383,0.050581395626068115,bowling,754
755,750.5,2.6351351737976074,jamesbond,755
756,10.0600004196167,1.9199999570846558,fishingderby,756
757,7566.330078125,0.5516194701194763,centipede,757
758,-2.430000066757202,0.7247933745384216,icehockey,758
759,26.940000534057617,2.5505154132843018,robotank,759
760,354.80999755859375,12.260764122009277,breakout,760
761,13.170000076293945,0.9594900608062744,pong,761
762,2046.0999755859375,0.26169800758361816,mspacman,762
763,100.0,0.001079854555428028,privateeye,763
764,69373.0,2.3391246795654297,crazyclimber,764
765,231.30999755859375,0.13159246742725372,amidar,765
766,94.12000274658203,7.835000038146973,boxing,766
767,0.0,0.0,montezumarevenge,767
768,459.0,0.08998238295316696,gravitar,768
769,56057.0,5.778531074523926,stargunner,769
770,153.5,0.18852348625659943,bankheist,770
771,2287.0,-0.771129310131073,timepilot,771
772,1168.0,0.13626284897327423,alien,772
773,1384.449951171875,1.608890175819397,enduro,773
774,6844.39990234375,4.914660453796387,krull,774
775,1874.0,0.16162875294685364,choppercommand,775
776,4318.0,0.312547504901886,qbert,776
777,37500.44921875,2.12251877784729,videopinball,777
778,-0.4399999976158142,0.03420836478471756,pitfall,778
779,0.0,0.0,venture,779
780,7744.7001953125,0.2254307121038437,hero,780
781,28350.0,1.249744176864624,kungfumaster,781
782,-13.989999771118164,0.6329032182693481,tennis,782
783,3016.199951171875,1.2801522016525269,gopher,783
784,13428.7998046875,1.9345284700393677,namethisgame,784
785,1415.0,0.2030765563249588,wizardofwor,785
786,899.0,0.09479476511478424,zaxxon,786
787,1081.0999755859375,0.007756655104458332,asteroids,787
788,6875.7998046875,0.9434055685997009,phoenix,788
789,98.30000305175781,0.5563380122184753,tutankham,789
790,2218.300048828125,0.5042979121208191,frostbite,790
791,2002.199951171875,0.04605787992477417,seaquest,791
792,37313.0,4.761792182922363,roadrunner,792
793,6498.0,0.37035852670669556,beamrider,793
794,6961.5,0.3563484251499176,riverraid,794
795,-14.380000114440918,1.9181817770004272,doubledunk,795
796,1384.800048828125,0.013389959000051022,solaris,796
797,27480.0,0.7212691307067871,battlezone,797
798,51373.55078125,28.160673141479492,demonattack,798
799,79553.0,4.123043060302734,atlantis,799
800,-29892.33984375,-1.0025891065597534,skiing,800
801,20741.5,2.475673198699951,asterix,801
802,2580.3701171875,4.538048267364502,assault,802
803,838.5,0.2851557731628418,berzerk,803
804,3410.0,1.1257123947143555,kangaroo,804
805,24.110000610351562,0.8145270347595215,freeway,805
806,7881.10986328125,0.09300384670495987,yarsrevenge,806
807,15489.900390625,1.3402122259140015,upndown,807
808,781.2000122070312,0.4163872003555298,spaceinvaders,808
809,45.040000915527344,0.15944766998291016,bowling,809
810,1074.0,3.8166544437408447,jamesbond,810
811,-32.040000915527344,1.1256604194641113,fishingderby,811
812,8084.18017578125,0.6037899851799011,centipede,812
813,-4.230000019073486,0.5760330557823181,icehockey,813
814,18.829999923706055,1.714432954788208,robotank,814
815,368.5899963378906,12.739235877990723,breakout,815
816,5.360000133514404,0.7382436394691467,pong,816
817,2219.0,0.28772029280662537,mspacman,817
818,100.0,0.001079854555428028,privateeye,818
819,78767.0,2.71415114402771,crazyclimber,819
820,203.9499969482422,0.11562700569629669,amidar,820
821,76.88999938964844,6.399166584014893,boxing,821
822,0.0,0.0,montezumarevenge,822
823,556.5,0.12065819650888443,gravitar,823
824,61856.0,6.3834757804870605,stargunner,824
825,141.3000030517578,0.17201244831085205,bankheist,825
826,4249.0,0.409944623708725,timepilot,826
827,1324.4000244140625,0.15892983973026276,alien,827
828,1291.5699462890625,1.500952959060669,enduro,828
829,6600.89990234375,4.686557292938232,krull,829
830,8487.0,1.1671329736709595,choppercommand,830
831,4203.0,0.30389508605003357,qbert,831
832,20481.330078125,1.159239649772644,videopinball,832
833,-3.0,0.03382588177919388,pitfall,833
834,0.0,0.0,venture,834
835,8018.35009765625,0.2346137911081314,hero,835
836,11276.0,0.4901502728462219,kungfumaster,836
837,-2.059999942779541,1.4025806188583374,tennis,837
838,2587.39990234375,1.0811638832092285,gopher,838
839,11922.099609375,1.6727986335754395,namethisgame,839
840,1656.0,0.2605533003807068,wizardofwor,840
841,3982.0,0.43207377195358276,zaxxon,841
842,1269.9000244140625,0.011802115477621555,asteroids,842
843,20016.80078125,2.9709622859954834,phoenix,843
844,98.41999816894531,0.5571062564849854,tutankham,844
845,3161.60009765625,0.7252371311187744,frostbite,845
846,1682.4000244140625,0.03844111040234566,seaquest,846
847,33688.0,4.299036026000977,roadrunner,847
848,5264.06005859375,0.29585692286491394,beamrider,848
849,8742.7001953125,0.4692290723323822,riverraid,849
850,-14.859999656677246,1.7000000476837158,doubledunk,850
851,170.8000030517578,-0.09607408195734024,solaris,851
852,28920.0,0.7626157402992249,battlezone,852
853,19089.94921875,10.411705017089844,demonattack,853
854,43241.0,1.8785271644592285,atlantis,854
855,-29900.83984375,-1.0032551288604736,skiing,855
856,18966.5,2.2616448402404785,asterix,856
857,2291.409912109375,3.9819283485412598,assault,857
858,760.2000122070312,0.25391948223114014,berzerk,858
859,8398.0,2.797854423522949,kangaroo,859
860,21.93000030517578,0.7408784031867981,freeway,860
861,6171.2998046875,0.05979333445429802,yarsrevenge,861
862,41358.69921875,3.6582465171813965,upndown,862
863,732.2999877929688,0.38423094153404236,spaceinvaders,863
864,30.0,0.05014535039663315,bowling,864
865,1013.0,3.5938642024993896,jamesbond,865
866,7.460000038146973,1.8709434270858765,fishingderby,866
867,6960.68017578125,0.49060356616973877,centipede,867
868,-3.859999895095825,0.6066115498542786,icehockey,868
869,25.579999923706055,2.410309314727783,robotank,869
870,356.260009765625,12.311111450195312,breakout,870
871,15.680000305175781,1.0305949449539185,pong,871
872,3316.10009765625,0.45283928513526917,mspacman,872
873,100.0,0.001079854555428028,privateeye,873
874,60513.0,1.9854165315628052,crazyclimber,874
875,210.5500030517578,0.11947832256555557,amidar,875
876,89.12000274658203,7.418333530426025,boxing,876
877,0.0,0.0,montezumarevenge,877
878,437.5,0.08321797102689743,gravitar,878
879,56233.0,5.796891212463379,stargunner,879
880,989.2999877929688,1.3196643590927124,bankheist,880
881,2233.0,-0.8036359548568726,timepilot,881
882,1292.199951171875,0.15426310896873474,alien,882
883,1394.1300048828125,1.620139479637146,enduro,883
884,8003.2998046875,6.000280857086182,krull,884
885,8645.0,1.1911567449569702,choppercommand,885
886,4233.5,0.3061898648738861,qbert,886
887,24117.349609375,1.3650376796722412,videopinball,887
888,0.0,0.03427410498261452,pitfall,888
889,0.0,0.0,venture,889
890,10015.2001953125,0.30162352323532104,hero,890
891,22044.0,0.9692007303237915,kungfumaster,891
892,-7.679999828338623,1.0399999618530273,tennis,892
893,2296.199951171875,0.9460299611091614,gopher,893
894,10825.2998046875,1.4822728633880615,namethisgame,894
895,2251.0,0.40245646238327026,wizardofwor,895
896,3562.0,0.38612595200538635,zaxxon,896
897,894.9000244140625,0.0037669059820473194,asteroids,897
898,25921.099609375,3.881950855255127,phoenix,898
899,105.16999816894531,0.6003201007843018,tutankham,899
900,958.5999755859375,0.20925167202949524,frostbite,900
901,1487.5999755859375,0.03380150347948074,seaquest,901
902,31143.0,3.974149465560913,roadrunner,902
903,3466.0400390625,0.18729788064956665,beamrider,903
904,8967.5,0.48347538709640503,riverraid,904
905,-23.31999969482422,-2.1454546451568604,doubledunk,905
906,665.0,-0.05151301994919777,solaris,906
907,23990.0,0.6210609674453735,battlezone,907
908,67833.8984375,37.21029281616211,demonattack,908
909,46719.0,2.0935091972351074,atlantis,909
910,-29909.0703125,-1.0039000511169434,skiing,910
911,4173.5,0.4779159128665924,asterix,911
912,2871.60009765625,5.098537445068359,assault,912
913,816.4000244140625,0.27633941173553467,berzerk,913
914,9613.0,3.205162525177002,kangaroo,914
915,23.950000762939453,0.8091216087341309,freeway,915
916,7751.31005859375,0.0904826745390892,yarsrevenge,916
917,64906.5,5.7683024406433105,upndown,917
918,734.1500244140625,0.38544750213623047,spaceinvaders,918
919,22.059999465942383,-0.007558139506727457,bowling,919
920,805.5,2.8360116481781006,jamesbond,920
921,-6.519999980926514,1.6071698665618896,fishingderby,921
922,8784.48046875,0.6743413805961609,centipede,922
923,-1.850000023841858,0.7727272510528564,icehockey,923
924,30.81999969482422,2.9505155086517334,robotank,924
925,324.3599853515625,11.203472137451172,breakout,925
926,13.539999961853027,0.9699716567993164,pong,926
927,1943.199951171875,0.24621103703975677,mspacman,927
928,0.0,-0.00035803436185233295,privateeye,928
929,79294.0,2.735189914703369,crazyclimber,929
930,320.0299987792969,0.18336348235607147,amidar,930
931,70.16000366210938,5.8383331298828125,boxing,931
932,0.0,0.0,montezumarevenge,932
933,536.5,0.11436571925878525,gravitar,933
934,35515.0,3.6356143951416016,stargunner,934
935,960.5999755859375,1.2808228731155396,bankheist,935
936,3325.0,-0.14627979695796967,timepilot,936
937,1384.300048828125,0.16761112213134766,alien,937
938,902.9199829101562,1.0492969751358032,enduro,938
939,7905.2998046875,5.908477783203125,krull,939
940,2765.0,0.29710498452186584,choppercommand,940
941,4788.5,0.3479471206665039,qbert,941
942,49581.96875,2.806330680847168,videopinball,942
943,0.0,0.03427410498261452,pitfall,943
944,0.0,0.0,venture,944
945,6732.35009765625,0.1914585530757904,hero,945
946,13148.0,0.573432445526123,kungfumaster,946
947,-0.009999999776482582,1.5348386764526367,tennis,947
948,2343.39990234375,0.9679335355758667,gopher,948
949,12618.7001953125,1.793805480003357,namethisgame,949
950,2434.0,0.446100652217865,wizardofwor,950
951,6779.0,0.7380645275115967,zaxxon,951
952,969.7999877929688,0.005371805280447006,asteroids,952
953,20473.400390625,3.041412115097046,phoenix,953
954,100.83999633789062,0.5725992321968079,tutankham,954
955,3696.300048828125,0.8504742980003357,frostbite,955
956,2212.699951171875,0.051071420311927795,seaquest,956
957,37231.0,4.751324653625488,roadrunner,957
958,7724.419921875,0.44440606236457825,beamrider,958
959,7020.0,0.3600557744503021,riverraid,959
960,-13.949999809265137,2.1136362552642822,doubledunk,960
961,485.6000061035156,-0.06768917292356491,solaris,961
962,27840.0,0.7316057682037354,battlezone,962
963,24047.599609375,13.137335777282715,demonattack,963
964,133673.0,7.468306064605713,atlantis,964
965,-9168.1201171875,0.6214133501052856,skiing,965
966,7559.0,0.8861370086669922,asterix,966
967,2097.169921875,3.608102321624756,assault,967
968,590.5,0.1862209290266037,berzerk,968
969,2133.0,0.6976198554039001,kangaroo,969
970,12.300000190734863,0.41554054617881775,freeway,970
971,10481.0302734375,0.14350341260433197,yarsrevenge,971
972,102836.796875,9.167135238647461,upndown,972
973,730.9500122070312,0.3833431899547577,spaceinvaders,973
974,0.20999999344348907,-0.16635175049304962,bowling,974
975,1795.0,6.449963569641113,jamesbond,975
976,-17.739999771118164,1.3954716920852661,fishingderby,976
977,8843.1103515625,0.6802480220794678,centipede,977
978,-0.12999999523162842,0.9148760437965393,icehockey,978
979,28.959999084472656,2.758762836456299,robotank,979
980,343.1000061035156,11.854166984558105,breakout,980
981,12.710000038146973,0.9464589357376099,pong,981
982,2585.5,0.34288036823272705,mspacman,982
983,0.0,-0.00035803436185233295,privateeye,983
984,78390.0,2.6991004943847656,crazyclimber,984
985,204.07000732421875,0.11569702625274658,amidar,985
986,87.19999694824219,7.258333206176758,boxing,986
987,0.0,0.0,montezumarevenge,987
988,325.5,0.047980114817619324,gravitar,988
989,44017.0,4.522532939910889,stargunner,989
