Firm number,Firm name,Name,Experience,Junior/expert,Email,Group,Included,0. Date of onboarding email,1. Onboarding form completed,2. Consent form,3. Date TT1 sent,4. TT1,4a. TT1 review complete,5. TT1 survey,6. Date TT2 sent,7. TT2,7a. TT2 review complete,8. TT2 survey,9. Monthly survey
11,Firm 11,23ba4559-c65d-53af-9ea3-af5c02a5b5c4,14.0,,469e4cf9-5b13-522c-8cc0-e73cc163861e,Dropped,,7/9/2025,7/21/2025,07/21/2025,7/18/2025,8/4/2025,9/2/2025,8/4/2025,10/19/2025,,,,
11,Firm 11,ef4f2d20-434f-5183-ae98-8991de97485c,26.0,,20635fec-cb2e-5f64-a74c-4bfe3207fb5b,Group 2,0.0,7/9/2025,7/19/2025,07/19/2025,7/18/2025,9/8/2025,9/10/2025,9/9/2025,10/19/2025,11/7/2025,11/13/2025,,12/1/2025
11,Firm 11,bfe5f299-1a57-512e-aaf9-b48ef1c61a86,17.0,,4325b8b7-eee6-5964-92d1-752069e71184,Group 2,1.0,7/9/2025,7/25/2025,07/25/2025,7/18/2025,8/5/2025,9/2/2025,8/5/2025,10/19/2025,11/4/2025,11/7/2025,11/10/2025,12/1/2025
14,Firm 14,934aa8e9-903b-509a-8667-f923967b98c1,,Expert,ad4f00bb-b9de-52c4-90c6-6af8f76d7efb,No Exp (tracking only),,,,,,,,,,,,,
14,Firm 14,aefa2072-961b-5c24-8667-77bd8662e230,,Expert,f902cd56-6ca7-58b1-a5fc-453271265f9f,No Exp (tracking only),,,,,,,,,,,,,
14,Firm 14,f354af8a-2ea8-5fc5-92be-de46a23809e2,,Expert,1c675f96-326c-5234-af7d-7ed4e02a1f29,No Exp (tracking only),,,,,,,,,,,,,
14,Firm 14,d0721a1b-babe-5383-b411-60655c68f096,,Expert,f74a8cd0-fa2c-5a4c-9f80-331aedb77a6a,No Exp (tracking only),,,,,,,,,,,,,
14,Firm 14,e18df6cc-cacf-5d8f-96aa-7d2662cde9d9,,Expert,34ef2ab3-686e-5a8f-9869-4d1bc5a9defd,No Exp (tracking only),,,,,,,8/26/2025,,,,11/7/2025,,
14,Firm 14,181fcf5b-92e3-5040-acec-db8603a1faff,,Expert,7d04b574-9d89-546a-8bbc-429c0246bd0a,No Exp (tracking only),,,,,,,,,,,,,
14,Firm 14,dfbae703-2a3a-51d3-a629-51c94d1f900b,,Expert,48888a13-fca2-5fd0-bcdd-99ab0a4c0bef,No Exp (tracking only),,,,,,,,,,,,,
14,Firm 14,45cdab1f-e1ef-573a-bda8-1e3be55fe64f,,Expert,5fe75602-6e6d-50f8-a229-de960cbae37d,No Exp (tracking only),,,,,,,,,,,,,
14,Firm 14,45c0c0f8-3d52-566b-ae0a-29d3ac7be7f9,,Expert,cca5e45f-4e6e-517b-a943-1f020fe1053d,No Exp (tracking only),,,,,,,,,,,,,
14,Firm 14,27e525d1-95de-560b-b850-2849b8661732,,Expert,1f1290cd-d698-5fdd-a7f7-b560c60680a9,No Exp (tracking only),,,,,,,,,,,,,
14,Firm 14,3a78868a-b76a-5d90-ae0f-17865aaa18f3,,,c9180483-fe2a-5b79-9f7a-cf6563470905,No Exp (tracking only),,,,,,,,,,,,,
14,Firm 14,0f53107e-92db-5dd2-90a5-47080336202d,,,80400d62-5a2b-5ec9-8d97-e37bce2ae759,No Exp (tracking only),,,,,,,,,,,,,
14,Firm 14,4302c0b2-c62a-555d-9c69-673ff67cff1a,,,f616009b-f645-5e9e-bb85-02c95f612737,No Exp (tracking only),,,,,,,,,,,,,
14,Firm 14,adf042e3-fa6c-51c6-a2a2-c3305995bb2b,,,d7b20209-0d07-5492-8249-b5c801d07cca,No Exp (tracking only),,,,,,,,,,,,,
14,Firm 14,0d7cdf02-c78a-5910-8b5e-5e35115c13d3,,,c1110575-c36b-52af-9d7c-06b44a9b4044,No Exp (tracking only),,,,,,,,,,,,,
14,Firm 14,56a3f9b0-9e7b-5860-a818-a20893f39c71,,,38a55731-a903-5c0a-bab4-c96b0f778a4d,No Exp (tracking only),,,,,,,,,,,,,
14,Firm 14,8e48a639-2c9d-5d25-be43-6561565f458e,,,f9183d81-3b5b-5413-9dc3-75ec537782df,No Exp (tracking only),,,,,,,,,,,,,
14,Firm 14,48ca3bfa-0f9d-5a69-9b24-740fd27b87a9,,,c56cac2e-55b6-57ab-909a-cba50ee30f96,No Exp (tracking only),,,,,,,,,,,,,
14,Firm 14,9564a7ef-e5e7-5162-977a-1bd452cc187e,,,2890e768-342e-555f-9939-4b05310db031,No Exp (tracking only),,,,,,,,,,,,,
9,Firm 9,7ddd5a4c-777f-5875-a7bc-ee8b605c9eac,27.0,,91a74ed7-9576-591b-b8ce-978a2d5c03d4,Group 1,1.0,7/10/2025,,,7/18/2025,,,,10/19/2025,,,,12/2/2025
9,Firm 9,b7ad60c7-0918-5aaf-b181-76783316c84a,27.0,,194eeeb1-bde1-55bd-9608-e981b3c95b0d,Group 2,1.0,7/10/2025,,07/10/2025,7/18/2025,7/31/2025,9/1/2025,8/1/2025,10/19/2025,11/13/2025,11/14/2025,11/14/2025,12/1/2025
9,Firm 9,baaef8cc-57b3-51e9-8c0f-b2cff4268cb2,30.0,,e9a8662d-22ae-53d2-92a0-00303f8cba79,Group 2,1.0,7/10/2025,7/15/2025,07/10/2025,7/18/2025,7/25/2025,8/26/2025,7/31/2025,10/19/2025,11/6/2025,11/7/2025,11/13/2025,12/2/2025
9,Firm 9,8c1fae2e-12ff-568a-900c-0ae986d44f65,9.0,,437ac34e-a2a6-52ec-a60e-545d5193059a,Group 2,1.0,7/10/2025,7/14/2025,07/10/2025,7/18/2025,7/25/2025,8/26/2025,7/31/2025,10/19/2025,11/30/2025,12/4/2025,12/1/2025,12/2/2025
9,Firm 9,93704a08-5821-5d78-81ff-eacbb2708dd6,16.0,,0e763564-b97e-5719-8d43-0c3e705c9f3f,Group 2,1.0,7/10/2025,7/16/2025,07/10/2025,7/18/2025,,,,10/19/2025,,,,
9,Firm 9,54e72e9f-cce2-5102-addd-52e76df9d6cb,17.0,,2a124c0c-72e7-50b9-9793-1cdf4c83f469,Group 1,1.0,7/10/2025,7/15/2025,07/15/2025,7/18/2025,7/28/2025,8/26/2025,7/30/2025,10/19/2025,11/3/2025,11/7/2025,,11/3/2025
9,Firm 9,6f76951b-6784-53d8-b489-7e24cb77c8a7,3.0,,855a9733-6593-5aeb-a9c7-ea9916dfb10a,Group 2,1.0,7/10/2025,7/15/2025,07/10/2025,7/18/2025,,,,10/19/2025,,,,11/3/2025
18,Firm 18,d49cfbed-569c-5003-a3ec-89dfd71a69aa,18.0,,faa69544-c661-5136-90b7-6cae21f32a39,Group 2,0.0,7/14/2025,7/15/2025,07/14/2025,7/22/2025,7/26/2025,9/4/2025,,,,,,12/2/2025
18,Firm 18,0588ce7d-c44e-5b57-8fd2-5c511e5a0f9c,28.0,,f0b005a2-dc62-5b37-9d9a-6eab7f74b30f,Group 2,0.0,7/14/2025,,07/25/2025,7/22/2025,8/4/2025,9/1/2025,8/19/2025,,,,,10/6/2025
18,Firm 18,55dd0c29-c5e0-59e2-98fc-d0eb3a4383d7,0.5,,c01133c5-11bb-5ec1-8522-21fc1e018222,Group 2,0.0,7/14/2025,7/28/2025,,7/22/2025,8/1/2025,9/1/2025,,,,,,10/5/2025
18,Firm 18,b4fecfdd-dae6-53ea-8ec6-ede8f5ef6bb6,18.0,,4f0ed064-9aaf-5513-8d72-dd3b1ca3e96e,Group 2,0.0,7/14/2025,8/9/2025,08/08/2025,7/22/2025,,,,,,,,
18,Firm 18,0ed68dfa-7e04-557b-9b45-a5f25d1bea97,11.0,,4b0de7b6-78b0-5944-9c91-414424c1d114,Group 2,0.0,7/14/2025,7/26/2025,07/26/2025,7/22/2025,8/5/2025,9/2/2025,8/8/2025,,,,,9/24/2025
13,Firm 13,,,,29fe0239-3ad4-5633-b6f2-43dab1372728,Original Group (pre-experiment),,,,,,,,,,,,,
13,Firm 13,,,,53c080a0-eb12-5fb5-be5f-1167e9dde1b9,Original Group (pre-experiment),,,,,,,,,,,,,
13,Firm 13,,,,cd08324f-a68c-5796-b72b-882beb5612f2,Original Group (pre-experiment),,,,,,,,,,,,,
13,Firm 13,,,,1718c3b6-1247-589c-83cb-31e6fc131cb8,Original Group (pre-experiment),,,,,,,,,,,,,
13,Firm 13,,,,5f1fe8d1-c45b-5eea-9bdf-13aac1cf3572,Original Group (pre-experiment),,,,,,,,,,,,,
13,Firm 13,,,,2db70c66-533f-5afb-b397-81443be8345f,Original Group (pre-experiment),,,,,,,,,,,,,
13,Firm 13,,,,b1291456-088d-5661-b8f2-1835db8330ff,Original Group (pre-experiment),,,,,,,,,,,,,
13,Firm 13,,,,c060bf3d-eb7d-5c27-9842-fbea0798c607,Original Group (pre-experiment),,,,,,,,,,,,,
13,Firm 13,,,,d96759fe-3e6f-529f-8454-f914ff9c7541,Original Group (pre-experiment),,,,,,,,,,,,,
13,Firm 13,,,,8e5233a0-6860-57c0-b0aa-a9ef8fe2c97f,Original Group (pre-experiment),,,,,,,,,,,,,
13,Firm 13,8d7908d5-c16c-5a7c-ae42-35f8483babe4,,,5f2e5676-305b-5298-bec9-6c64fc55e866,No Exp (tracking only),,,,,,,,,,,,,
13,Firm 13,1d8cbbbb-57f0-57f8-bec7-cc84d3793d4a,,,dddfb953-ebd6-5177-a297-ac5888921fcb,No Exp (tracking only),,,,,,,,,,,,,
13,Firm 13,9e02984a-d178-57bd-9ea4-d9f9c996bec4,,,3301b5ea-e2af-5035-a4f1-8540f95d669c,No Exp (tracking only),,,,,,,,,,,,,
13,Firm 13,5827b5e3-3897-57a2-ba15-a13000dcb64b,,,ea82630c-a210-547d-b7ef-ba41165e757b,No Exp (tracking only),,,,,,,,,,,,,
13,Firm 13,334d8ad4-e077-5a53-ae5f-ae0ce44d0277,,,767c6609-5b57-56d9-991d-7c343d54ac42,No Exp (tracking only),,,,,,,,,,,,,
13,Firm 13,83eee852-2a42-5067-abd6-4dcddef691b8,,,084769b8-9a74-5f58-ba2f-1183162d98cd,No Exp (tracking only),,,,,,,,,,,,,
13,Firm 13,d7a7e780-4bdc-5642-a653-10a0a8ebc724,,,16ebb4ba-1e73-50c7-8a6d-80f98ba99177,No Exp (tracking only),,,,,,,,,,,,,
13,Firm 13,ad515be5-aedf-5da5-ac7d-56445ff8aeef,,,5f7674a2-7258-5460-a085-9cc48e96ff26,No Exp (tracking only),,,,,,,,,,,,,
13,Firm 13,273ac387-74eb-57f9-8332-14cd472201a0,,,f8ed2719-ced3-5c80-b7b5-3a1e4cd6162e,No Exp (tracking only),,,,,,,,,,,,,
13,Firm 13,7ea91631-6fa4-5e62-9367-7e2ca75e2935,,,981e1368-31c7-53ed-9ec9-d5d5d43d2c1d,No Exp (tracking only),,,,,,,,,,,,,
13,Firm 13,67e5b379-6780-5dac-8ca2-644209832a4d,,,93931d13-3e69-5151-a2bf-94592125355d,No Exp (tracking only),,,,,,,,,,,,,
13,Firm 13,d146d68f-95e7-5d30-be4f-38e0e2be7eb9,,,48abd0c4-f0da-5ff6-8a44-a11f66c23719,No Exp (tracking only),,,,,,,,,,,,,
1,Firm 1,15328eeb-0df8-5a3a-951d-78d831089c49,8.0,,cf3ccdb7-089b-56a1-b737-45eae682e66a,Group 1,1.0,8/7/2025,8/11/2025,08/15/2025,8/18/2025,8/22/2025,9/4/2025,8/25/2025,11/18/2025,11/25/2025,11/26/2025,11/26/2025,12/1/2025
1,Firm 1,2eecc053-13a9-50fe-ab6f-364ec3794961,2.0,,2d090aa6-d95f-5de4-9076-d704e9d15a8f,Dropped,1.0,8/7/2025,8/12/2025,08/08/2025,8/18/2025,9/1/2025,9/10/2025,9/2/2025,11/18/2025,,,,9/2/2025
1,Firm 1,e03cf9f3-0537-50ab-ab22-45bd78d1405f,18.0,,5cd35615-85d5-58ac-9247-589a4533957c,Group 1,1.0,8/7/2025,8/11/2025,08/08/2025,8/18/2025,8/21/2025,9/4/2025,8/22/2025,11/18/2025,11/25/2025,11/26/2025,11/26/2025,12/1/2025
1,Firm 1,f740c79a-457e-5a69-a107-e588900af751,1.0,,37e3d325-ba20-5d4d-92ad-4331c7f4bd8a,Group 1,1.0,8/7/2025,8/12/2025,07/31/2025,8/18/2025,8/22/2025,9/8/2025,8/24/2025,11/18/2025,11/21/2025,11/25/2025,11/23/2025,10/8/2025
1,Firm 1,0a6ac811-34c8-568a-8adc-38370743636d,26.0,,8bc09ee7-8082-5b31-a844-9fda16660a99,Group 1,1.0,8/7/2025,8/8/2025,08/03/2025,8/18/2025,8/22/2025,9/8/2025,9/8/2025,11/18/2025,12/4/2025,12/10/2025,12/10/2025,12/3/2025
1,Firm 1,8c952d15-9c94-5093-b9a8-d68de5b7a9bc,26.0,,38a12468-08d0-5610-8db9-1a56d5202680,Group 2,1.0,8/7/2025,8/12/2025,08/04/2025,8/18/2025,8/22/2025,9/4/2025,8/23/2025,11/18/2025,12/3/2025,12/4/2025,12/4/2025,9/13/2025
1,Firm 1,3bd344e3-22bb-5a3b-83e9-56825f84cd5b,17.0,,2c77ffa4-3f6e-5886-a6b5-b59dad4b5c4f,Group 1,1.0,8/7/2025,8/12/2025,08/01/2025,8/18/2025,8/30/2025,9/10/2025,9/5/2025,11/18/2025,11/24/2025,11/26/2025,11/25/2025,12/2/2025
1,Firm 1,c701e631-f4bd-5e8b-892e-dd6cc47041b0,1.0,,bcc22362-f3e9-52ca-bf3b-da3d52ad9bad,Group 1,1.0,8/7/2025,8/12/2025,08/01/2025,8/18/2025,8/22/2025,9/3/2025,8/28/2025,11/18/2025,11/23/2025,11/26/2025,12/1/2025,11/5/2025
1,Firm 1,c536385d-9372-5939-beed-8525ebfa5db5,20.0,,2ffaf05e-aedd-5585-9e30-c38c8bafb29f,Group 1,1.0,8/7/2025,8/27/2025,07/31/2025,8/18/2025,9/4/2025,9/10/2025,9/10/2025,11/18/2025,11/26/2025,11/28/2025,12/1/2025,12/5/2025
1,Firm 1,44ce84d9-a1c9-5d43-b719-e529c7f4d829,4.0,,4172dcd9-39ce-514f-ae33-22e2c2c6053c,Group 1,1.0,8/7/2025,8/12/2025,08/03/2025,8/18/2025,8/22/2025,9/8/2025,8/24/2025,11/18/2025,11/28/2025,12/4/2025,11/30/2025,11/6/2025
1,Firm 1,4bbd4fa8-6964-53db-8153-277d1fdbff0d,1.25,,97118f49-4d52-5e9a-8993-ee74af786d55,Group 1,1.0,8/7/2025,8/12/2025,08/08/2025,8/18/2025,8/22/2025,9/8/2025,8/25/2025,11/18/2025,12/2/2025,12/4/2025,12/4/2025,12/4/2025
1,Firm 1,326262d6-69dc-5d0c-b4da-d0c9dfcc16d3,17.0,,1d5cc583-47da-5145-a753-9a82a8a48de3,Group 1,1.0,8/7/2025,8/12/2025,08/11/2025,8/18/2025,9/1/2025,9/10/2025,9/4/2025,11/18/2025,12/9/2025,12/10/2025,12/23/2025,10/6/2025
1,Firm 1,d34ee172-e305-55d8-8e96-eaac8f616195,19.0,,3bbe29b6-00dc-5331-9fad-5d40ff285812,Group 1,1.0,8/7/2025,8/10/2025,08/11/2025,8/18/2025,8/29/2025,9/8/2025,8/30/2025,11/18/2025,12/4/2025,12/10/2025,12/10/2025,12/5/2025
1,Firm 1,f25e320c-31e4-587c-996b-ff2dd931775d,17.0,,628268df-3e01-5f3d-a9da-aee2fc6a6c99,Group 1,1.0,8/7/2025,8/10/2025,08/11/2025,8/18/2025,8/30/2025,9/10/2025,8/31/2025,11/18/2025,12/1/2025,12/4/2025,12/7/2025,
1,Firm 1,07dcc49b-1110-521b-b57f-be2a8495ce21,3.5,,28225b05-80fe-5a27-80b0-50adf97620d6,Group 2,1.0,8/7/2025,8/12/2025,08/11/2025,8/18/2025,8/22/2025,9/4/2025,8/25/2025,11/18/2025,11/21/2025,11/25/2025,11/23/2025,10/6/2025
1,Firm 1,857a7cb0-d488-5626-8445-8a54819a843d,21.0,,dd9c24ef-209c-5c1e-9fb6-d8a4a4ebdc9a,Group 2,1.0,8/7/2025,8/12/2025,08/08/2025,8/18/2025,,,,11/18/2025,12/22/2025,12/26/2025,12/29/2025,
1,Firm 1,e13467cb-5286-5135-9738-66cc025dcff9,6.0,,aab0a06b-8503-5bb6-ac2d-e503b94fdeed,Group 2,0.0,8/7/2025,8/15/2025,08/15/2025,8/18/2025,8/28/2025,9/8/2025,8/29/2025,11/18/2025,,,,10/8/2025
1,Firm 1,d57aa3f4-1cf4-5aa6-a876-70dce3f357c7,11.0,,d7fd7471-a479-57c1-83f6-e0ec52d2d532,Group 2,1.0,8/7/2025,8/12/2025,08/12/2025,8/18/2025,8/22/2025,9/8/2025,8/24/2025,11/18/2025,11/29/2025,12/4/2025,11/30/2025,12/1/2025
1,Firm 1,21557a3c-f5d4-5360-af3d-6da717c00004,2.0,,ae9932b3-2ab5-597d-b409-6add5dee6584,Group 2,1.0,8/7/2025,8/12/2025,08/12/2025,8/18/2025,8/22/2025,9/8/2025,9/2/2025,11/18/2025,11/27/2025,12/4/2025,12/3/2025,12/1/2025
1,Firm 1,eae21f66-5145-504f-90d0-c675e58a5456,7.0,,e32861f6-9237-5964-b3aa-09d11c06b943,Group 2,1.0,8/7/2025,8/11/2025,08/12/2025,8/18/2025,8/26/2025,9/8/2025,8/28/2025,11/18/2025,11/24/2025,11/26/2025,11/25/2025,9/5/2025
1,Firm 1,8cbda8b2-3c82-50e9-9eb3-9eaead4ca4ec,17.0,,a7a90342-3a1b-5f1a-8e28-1a5651a6dbcf,Group 2,1.0,8/7/2025,8/10/2025,08/10/2025,8/18/2025,8/22/2025,9/8/2025,8/24/2025,11/18/2025,11/23/2025,11/26/2025,11/30/2025,
1,Firm 1,95cf3cb0-cef2-51a7-8502-86889621ad9f,12.0,,71358a26-c4dd-5c37-9b72-2298fe55ff14,Group 2,1.0,8/7/2025,8/14/2025,08/12/2025,8/18/2025,9/7/2025,9/10/2025,9/8/2025,11/18/2025,11/25/2025,11/26/2025,12/3/2025,12/8/2025
1,Firm 1,0ed2a6aa-4c4a-54cd-85e8-878d219416e2,7.0,,a5bef877-c146-516d-959a-1d0707159293,Group 2,0.0,8/7/2025,8/13/2025,08/12/2025,8/18/2025,8/19/2025,9/8/2025,8/20/2025,11/18/2025,11/22/2025,11/25/2025,11/23/2025,12/2/2025
1,Firm 1,77353c25-17d1-5a41-b9ea-98e8ebb6c6a0,17.0,,83d2819a-5578-5c49-af4e-942ac1cb14d2,Group 2,1.0,8/7/2025,,08/12/2025,8/18/2025,8/22/2025,9/8/2025,8/23/2025,11/18/2025,11/24/2025,11/26/2025,11/25/2025,12/2/2025
1,Firm 1,632effc1-6ef2-5978-8515-d92fb4c1442b,2.0,,29b3c897-7936-5832-8d01-192f906fac19,Group 2,1.0,8/7/2025,8/11/2025,08/11/2025,8/18/2025,8/28/2025,9/8/2025,8/29/2025,11/18/2025,11/21/2025,11/25/2025,12/2/2025,11/3/2025
1,Firm 1,1c213e3a-fdeb-5c26-8525-d30fb0143eaf,2.0,,6aee6782-36bd-5b23-bb3e-1d6697b7f1ec,Group 2,0.0,8/7/2025,8/12/2025,08/12/2025,8/18/2025,8/26/2025,9/8/2025,9/1/2025,11/18/2025,11/23/2025,12/4/2025,12/6/2025,9/8/2025
1,Firm 1,56340ce3-3049-56d9-8640-9a87cdcfeedc,10.0,,b64f84df-142c-5b13-bb66-2181fb02379a,Group 2,1.0,8/7/2025,8/11/2025,08/08/2025,8/18/2025,8/22/2025,9/10/2025,9/4/2025,11/18/2025,11/25/2025,11/26/2025,11/26/2025,12/2/2025
1,Firm 1,4393c74d-ba77-5292-8cc3-533df60aea28,6.0,,a85153f2-f4f2-5bf8-9f5a-95adf22610e1,Group 2,1.0,8/7/2025,8/22/2025,08/08/2025,8/18/2025,,,9/7/2025,11/18/2025,12/3/2025,12/10/2025,12/10/2025,
1,Firm 1,67bc228f-d0d3-50b6-96aa-ee7438be6cb2,17.0,,15ac974a-1e2b-50ce-aecc-7f9988d1426c,Group 2,0.0,8/7/2025,8/12/2025,08/12/2025,8/18/2025,8/22/2025,9/10/2025,8/28/2025,11/18/2025,11/29/2025,12/4/2025,12/1/2025,10/6/2025
1,Firm 1,70cf4b57-0856-5ed2-8cc9-b2f8bef9f79d,6.0,,4a3f193d-8e87-5e2c-b02b-d648ec30f3e7,Dropped,1.0,8/7/2025,8/11/2025,08/07/2025,8/18/2025,8/22/2025,9/8/2025,8/24/2025,11/18/2025,,,,9/10/2025
1,Firm 1,619c140a-8eed-538f-bea5-81ed7df07300,12.0,,1fa3d8d4-a2ae-5a1c-844a-785e6d52c542,Group 2,0.0,8/7/2025,8/13/2025,08/13/2025,8/18/2025,8/29/2025,9/8/2025,8/30/2025,11/18/2025,12/3/2025,12/4/2025,12/4/2025,12/2/2025
1,Firm 1,573b530c-8ab0-5b1c-9488-5d1f2d79e29a,2.0,,c0392826-9e31-556d-8f93-8603e350cf56,Group 2,0.0,8/7/2025,8/14/2025,08/12/2025,8/18/2025,8/28/2025,9/8/2025,8/29/2025,11/18/2025,11/21/2025,11/25/2025,12/1/2025,10/6/2025
1,Firm 1,e79e475d-bff3-5404-ba18-62040a683311,2.0,,9d4e5de5-9328-592f-aba9-af1f691ac0f5,Group 2,1.0,8/7/2025,8/8/2025,08/12/2025,8/18/2025,8/22/2025,9/4/2025,8/25/2025,11/18/2025,11/23/2025,11/26/2025,11/24/2025,9/8/2025
1,Firm 1,ebad1a2b-09ad-557e-b475-fa478d589793,8.0,,9b71fb9a-d7b5-553a-a170-aef84e85ce6d,Group 2,1.0,8/7/2025,8/12/2025,08/12/2025,8/18/2025,8/22/2025,9/3/2025,8/28/2025,11/18/2025,12/3/2025,12/4/2025,12/4/2025,9/5/2025
1,Firm 1,349bbe6e-d26e-5a5f-9570-6b0dd3396207,2.5,,287c05d8-1bc8-5ce5-98f2-98e46a27b55b,Group 2,1.0,8/7/2025,8/12/2025,08/12/2025,8/18/2025,8/22/2025,9/3/2025,8/29/2025,11/18/2025,12/2/2025,12/4/2025,12/3/2025,12/3/2025
1,Firm 1,64fae4a0-4bbb-5788-a478-916df45a1b4b,19.0,,486a2581-6651-58de-9e84-8705878d9999,Group 2,1.0,8/7/2025,8/13/2025,08/11/2025,8/18/2025,8/22/2025,9/8/2025,8/23/2025,11/18/2025,11/26/2025,11/28/2025,11/29/2025,12/1/2025
1,Firm 1,edd1488c-78c2-5202-96f4-24cc59e29610,15.0,,c395e2f8-5888-5053-ada4-a02e39247e17,Group 2,1.0,8/7/2025,8/13/2025,08/10/2025,8/18/2025,8/29/2025,9/8/2025,8/30/2025,11/18/2025,12/8/2025,12/15/2025,12/24/2025,9/8/2025
1,Firm 1,3c491176-3773-51d5-ac59-ceb413729a5b,1.5,,51991fd2-0301-5cbf-9288-8cec13e1f456,Group 2,0.0,8/7/2025,8/13/2025,08/12/2025,8/18/2025,8/28/2025,9/8/2025,8/29/2025,11/18/2025,11/23/2025,12/4/2025,12/6/2025,12/2/2025
1,Firm 1,838423e4-d6a2-5785-9dab-b7604ecfb0c4,14.0,,b1de5495-d371-5761-b9d6-a3af62921641,Group 2,1.0,8/7/2025,8/13/2025,08/12/2025,8/18/2025,8/22/2025,9/4/2025,8/23/2025,11/18/2025,12/3/2025,12/10/2025,12/4/2025,
1,Firm 1,998cef3e-a4fb-5ab6-92c1-4d4a758f057a,5.0,,5f411780-336d-59fd-aa8f-9bb7ad9877bd,Group 2,1.0,8/7/2025,8/9/2025,08/12/2025,8/18/2025,8/22/2025,9/4/2025,8/23/2025,11/18/2025,12/2/2025,12/4/2025,12/3/2025,9/8/2025
1,Firm 1,a838b571-b2e4-5258-9595-1aa0bdf37df1,10.0,,5f8586e1-b467-58d7-a3f9-73d2b30b2189,Group 2,1.0,8/7/2025,8/11/2025,08/11/2025,8/18/2025,8/22/2025,9/8/2025,8/28/2025,11/18/2025,12/4/2025,12/10/2025,12/5/2025,11/4/2025
1,Firm 1,c281532b-52ec-5f33-b74b-951a95051907,10.0,,7c985637-fc36-5dba-9643-fcb25b88f805,Group 2,0.0,8/7/2025,8/12/2025,08/12/2025,8/18/2025,8/29/2025,9/8/2025,8/31/2025,11/18/2025,12/4/2025,12/10/2025,12/17/2025,9/15/2025
1,Firm 1,7f8b563b-9337-5823-9c23-f8209bd1d3d8,6.0,,899639f5-5f3e-578e-9a3a-f4c3c934a9f2,Group 2,1.0,8/7/2025,8/12/2025,08/08/2025,8/18/2025,8/29/2025,9/8/2025,9/2/2025,11/18/2025,12/3/2025,12/4/2025,12/4/2025,9/8/2025
1,Firm 1,1c49833f-e47f-54ff-af87-1ac10d6cadac,5.0,,ee8c00c1-e842-5a90-80bb-05b78a089a9b,Group 2,1.0,8/7/2025,8/12/2025,08/13/2025,8/18/2025,8/22/2025,9/10/2025,9/12/2025,11/18/2025,12/2/2025,12/4/2025,12/3/2025,12/2/2025
1,Firm 1,16eb6b4e-0b8a-52d1-9ce1-83cd5648e39d,20.0,,6f4ceb94-0083-53bc-8698-4e73d40ff3f3,Group 2,1.0,8/7/2025,8/12/2025,08/11/2025,8/18/2025,8/22/2025,9/4/2025,8/25/2025,11/18/2025,11/24/2025,11/26/2025,11/25/2025,12/1/2025
1,Firm 1,e2759b74-2ccc-530b-92cb-7021f04101c9,8.0,,299d8879-b858-5699-a6da-3f574133e106,Group 2,1.0,8/7/2025,8/12/2025,08/08/2025,8/18/2025,8/19/2025,9/3/2025,8/20/2025,11/18/2025,12/3/2025,12/4/2025,12/4/2025,10/3/2025
1,Firm 1,6f1beb58-01b0-5158-8b98-48675db3485e,3.5,,d0aa3c1f-729f-53e8-9da9-68063311d274,Group 2,0.0,8/7/2025,,,8/18/2025,,,,11/18/2025,,,,
1,Firm 1,9ac314b0-b767-542c-bc53-55159a8cf13d,6.0,,b42d84a9-b936-5049-9f60-c93ab90a106e,Group 2,1.0,8/7/2025,8/13/2025,08/12/2025,8/18/2025,8/22/2025,9/3/2025,8/24/2025,11/18/2025,12/4/2025,12/10/2025,12/5/2025,12/5/2025
1,Firm 1,42f9a645-03fc-59e4-8a80-097f3bb280f2,10.0,,ab3ea870-ef64-545f-81ec-6829a6ca8fcb,Group 2,1.0,8/7/2025,,08/12/2025,8/18/2025,8/22/2025,9/3/2025,8/23/2025,11/18/2025,12/3/2025,12/4/2025,12/4/2025,
15,Firm 15,,,,1e49de4d-424d-558c-94bd-d5692d2de5ae,Original Group (pre-experiment),,,,,,,,,,,,,
15,Firm 15,,,,557dd31b-f30a-5fd0-8c72-c9e0cda6b757,Original Group (pre-experiment),,,,,,,,,,,,,
15,Firm 15,,,,ea8ebf30-7ef6-5ec6-a867-64b7b65bc33d,Original Group (pre-experiment),,,,,,,,,,,,,
15,Firm 15,,,,b8b728b7-6311-5723-bc36-7293f2deeddd,Original Group (pre-experiment),,,,,,,,,,,,,
15,Firm 15,,,,7ddcf011-b652-5c3f-ac75-e9c3420d90bd,Original Group (pre-experiment),,,,,,,,,,,,,
15,Firm 15,,,,59db3388-931b-521a-96da-9e03c70b8dfa,Original Group (pre-experiment),,,,,,,,,,,,,
15,Firm 15,,,,bd8fc752-3e33-5266-bcd9-bd1c295dc46c,Original Group (pre-experiment),,,,,,,,,,,,,
15,Firm 15,,,,e2323beb-b062-5994-a371-352034d021c5,Original Group (pre-experiment),,,,,,,,,,,,,
15,Firm 15,,,,ad4460ba-45c3-5b2a-8a77-fd0d207ba20c,Original Group (pre-experiment),,,,,,,,,,,,,
15,Firm 15,,,,7357f346-ead2-583e-af12-1da607cd2cd8,Original Group (pre-experiment),,,,,,,,,,,,,
15,Firm 15,,,,17d1931f-cb78-5e46-b133-6fbf5c3b4031,Original Group (pre-experiment),,,,,,,,,,,,,
15,Firm 15,,,,399319a7-bd85-5878-bcaa-52575dccbe7d,Original Group (pre-experiment),,,,,,,,,,,,,
15,Firm 15,,,,fbb127fd-219b-5ab3-ae6e-fa0fa81d3c64,Original Group (pre-experiment),,,,,,,,,,,,,
15,Firm 15,,,,4f523613-101b-5e88-80b5-c2ff14212900,Original Group (pre-experiment),,,,,,,,,,,,,
6,Firm 6,9d113d66-93d5-5cba-b05c-b0b592e44a4e,25.0,Expert,3ca57e08-b3bd-5e37-ac44-817d5c1ff656,POC (GP 2 default),0.0,5/9/2025,,,5/19/2025,5/28/2025,7/1/2025,,8/15/2025,,,,
6,Firm 6,c97e838a-9957-5aba-820a-49296d7e4f49,18.0,Expert,13987cbc-4ed6-55c3-93aa-24c1982f2b4c,POC (GP 2 default),0.0,5/9/2025,,,5/19/2025,5/30/2025,7/2/2025,,8/15/2025,,,,8/20/2025
6,Firm 6,1131ded4-56ce-5c22-b6d2-08d498be5503,25.0,Expert,8c5e2f92-5f07-5cf2-aaf1-cef7a94c73f9,Group 1,1.0,5/9/2025,,08/13/2025,5/19/2025,5/26/2025,7/2/2025,,8/15/2025,8/20/2025,8/22/2025,8/21/2025,
6,Firm 6,2be55a9b-6a52-55d8-b851-79ca8b9d3815,20.0,Expert,fbf9dda2-9921-5382-97b2-924fc4c67cce,Group 2,1.0,5/9/2025,,08/13/2025,5/19/2025,5/26/2025,7/2/2025,,8/15/2025,8/30/2025,9/1/2025,8/31/2025,7/16/2025
6,Firm 6,dda7f4df-f3b4-5f1f-931f-53f9b07da61d,20.0,Expert,8930cf72-69e4-5ee7-ba45-9fc568c1010e,Group 1,1.0,5/9/2025,,08/12/2025,5/19/2025,5/26/2025,7/2/2025,,8/15/2025,8/28/2025,9/1/2025,8/29/2025,7/31/2025
6,Firm 6,778e366c-e9cf-5c17-9676-4d4a288de414,18.0,Expert,ad974298-cda3-5101-b90c-718c1b107ab7,Group 2,1.0,5/9/2025,,08/08/2025,5/19/2025,5/30/2025,7/2/2025,,8/15/2025,8/30/2025,9/1/2025,9/1/2025,7/21/2025
6,Firm 6,251badc4-2a71-55d8-b897-2af36c8edcad,9.0,Junior,2ca65db7-a6c0-5949-b5d3-00e125cc6580,No Exp (tracking only),,5/9/2025,,,5/19/2025,,,,8/15/2025,,,,
6,Firm 6,32588fd3-5018-562b-9414-ed9f247023dc,3.0,Expert,6fe0a244-2a7e-5a96-9791-302408dc0c48,No Exp (tracking only),,5/9/2025,,,5/19/2025,,,,8/15/2025,,,,
6,Firm 6,d1b4508a-84e1-53c7-89b5-985a0a99cc57,15.0,Expert,8a84f103-4317-58ec-8986-923e544a0b42,Group 2,1.0,5/9/2025,,08/11/2025,5/19/2025,5/28/2025,7/2/2025,,8/15/2025,9/5/2025,9/8/2025,9/7/2025,
6,Firm 6,1a18f90a-e8a0-50d5-b97f-bb104a6441bb,2.0,Junior,4a5bdf21-df71-5356-8ef2-e11ec4d17b5e,No Exp (tracking only),,5/9/2025,,,5/19/2025,,,,8/15/2025,,,,
4,Firm 4,b18c88aa-517e-5fbf-a7ef-f397f2e9bb13,20.0,,4522e137-462a-5d7f-80e4-699e3bac267d,Group 2,1.0,7/28/2025,9/16/2025,08/12/2025,9/1/2025,,,,,,,,
4,Firm 4,5ec8f543-0aad-5332-97c0-acda513e65a4,23.0,,c2728e0f-b5e6-5f44-b9d1-9578ac50d743,Group 2,1.0,7/28/2025,7/29/2025,08/12/2025,9/1/2025,9/16/2025,9/18/2025,9/17/2025,,,,,9/10/2025
4,Firm 4,dfd5b163-fdbd-570a-aa9a-d7c7b53a6f6a,11.0,,7799bc00-18ed-5c05-8b5c-e645e9a86b3b,Group 2,1.0,7/28/2025,8/11/2025,08/11/2025,9/1/2025,,,,,,,,10/7/2025
4,Firm 4,62cbc8fb-afbc-5cf0-86e5-f49b57f39a99,12.0,,e4049f06-bdcd-5de6-886b-5ad53603c7d6,Group 1,1.0,7/28/2025,,08/12/2025,9/1/2025,,,,,,,,
4,Firm 4,fe28f140-0183-5cc8-b28e-2b1559a1cd45,13.0,,671bec27-53c7-519e-b6ad-1f49af26ba6e,Group 2,1.0,7/28/2025,9/22/2025,08/08/2025,9/1/2025,,,,,,,,
4,Firm 4,00b6c09f-1d43-5a3d-965b-8d609456a466,2.0,,bb159023-8516-57fe-a4f5-5f49855e95e8,Group 2,1.0,7/28/2025,8/22/2025,08/14/2025,9/1/2025,,,,,,,,
4,Firm 4,0fba5a1b-92b0-5b36-a67e-ab3cc17a24e6,3.0,,2cf81f5f-ead7-53d5-806d-3bbec37da0a8,Group 1,1.0,7/28/2025,9/2/2025,,9/1/2025,,,,,,,,
4,Firm 4,66a916e8-d4d2-5c1a-a666-870816fecf02,6.0,,2f96f212-1c2c-5272-a28a-e853bfa412c4,Group 2,1.0,7/28/2025,7/29/2025,,9/1/2025,,,,,,,,9/8/2025
4,Firm 4,201c7837-2ea1-579e-8816-34c86a89d835,6.0,,a8a9c7ca-1d26-5d2c-869f-47631faea4f8,Group 2,1.0,7/28/2025,8/15/2025,,9/1/2025,,,,,,,,
4,Firm 4,24a34ede-4f64-5c02-9564-24381885f516,11.0,,776a1baa-0b21-5fbb-b0f6-10d1774ac361,Group 1,1.0,7/28/2025,8/28/2025,,9/1/2025,9/1/2025,9/10/2025,9/2/2025,,,,,9/8/2025
4,Firm 4,d2b7ddcb-e18f-5ea6-84ac-8c5a4c4e1ae4,4.0,,498adddd-4531-5fe7-af92-0b8bb733bfd3,Group 2,1.0,7/28/2025,9/3/2025,,9/1/2025,,,,,,,,
4,Firm 4,e8571a01-e295-5b14-8deb-d0c858868a0b,17.0,,9bb27658-91d0-5345-9ccf-22f9558d6222,Group 1,1.0,7/28/2025,,,9/1/2025,9/9/2025,9/10/2025,9/14/2025,,,,,12/17/2025
2,Firm 2,107673ed-240c-56b6-8466-b90a62b1325f,18.0,expert,e019d218-d3f8-540b-9012-5aac92572bb6,Group 1,1.0,9/12/2025,9/17/2025,08/02/2025,9/22/2025,9/26/2025,10/7/2025,9/29/2025,1/5/2026,1/10/2026,1/14/2026,1/18/2026,12/10/2025
2,Firm 2,6a177bc4-b32c-5149-b55c-8dd36b15a807,5.0,junior,6a408cef-e378-509e-b122-7020d4442de6,Group 2,1.0,9/12/2025,9/17/2025,08/11/2025,9/22/2025,10/2/2025,10/6/2025,10/8/2025,1/5/2026,1/12/2026,1/14/2026,1/13/2026,1/13/2026
2,Firm 2,28c8b95c-82ea-57f4-bf8b-df78fd93cd9c,25.0,expert,e2938d58-4c08-598d-839b-3959242dab3b,Dropped,0.0,9/12/2025,,,9/22/2025,,,,1/5/2026,,,,
2,Firm 2,0e5bdb3e-ed89-56e4-8e24-138b6ab8a01a,12.0,expert,2ad761b7-fee0-592a-a28a-16f2e839e89e,Group 1,1.0,9/12/2025,9/17/2025,08/27/2025,9/22/2025,,,,1/5/2026,1/26/2026,1/29/2026,2/15/2026,12/5/2025
2,Firm 2,59c703f3-f2b4-5ecf-a849-8722e5e82c9f,16.0,expert,111860c0-1ec3-523b-bfb3-1a2e8e361dd2,Group 2,0.0,9/12/2025,,09/17/2025,9/22/2025,10/1/2025,10/6/2025,10/2/2025,1/5/2026,1/27/2026,1/28/2026,1/28/2026,10/5/2025
2,Firm 2,1bdb5930-4e23-53ea-bbde-a3777ea41085,2.0,junior,fcc590fe-b472-5576-adf7-0db8f53aadde,Group 1,1.0,9/12/2025,9/17/2025,09/22/2025,9/22/2025,10/3/2025,10/6/2025,10/9/2025,1/5/2026,1/25/2026,1/28/2026,2/7/2026,12/8/2025
2,Firm 2,61dd5c6b-ea2c-56f7-a052-9a4f849dcdbd,10.0,expert,025313a0-8127-5ba2-9ae3-68cb4ad2de05,Dropped,0.0,9/12/2025,,,9/22/2025,,,,1/5/2026,,,,
2,Firm 2,1849408a-ab6b-51d3-a083-7414e9875c6e,8.0,expert,7984c7ab-7de8-5842-b747-321180c43dce,Group 2,1.0,9/12/2025,,8/4/2025,9/22/2025,9/23/2025,10/7/2025,9/24/2025,1/5/2026,1/10/2026,1/14/2026,1/12/2026,1/12/2026
2,Firm 2,7860e293-703e-5969-a1bb-a5880a70fc4e,2.0,junior,64b78655-942a-5dcf-8d1c-e757cf0561a8,Group 2,1.0,9/12/2025,9/13/2025,09/02/2025,9/22/2025,9/26/2025,10/7/2025,9/29/2025,1/5/2026,1/23/2026,1/28/2026,,10/3/2025
2,Firm 2,524d5f9a-c78e-5858-b790-48c7f6530d5a,20.0,expert,07faca57-bbcc-5655-bdbe-b5454a40da34,Group 1,1.0,9/12/2025,9/22/2025,07/29/2025,9/22/2025,9/28/2025,10/6/2025,9/29/2025,1/5/2026,1/15/2026,1/16/2026,1/21/2026,12/5/2025
2,Firm 2,ac54b6be-784a-5f46-a87b-1141104002fa,8.0,expert,f6ce26b5-36a4-5d2c-bee2-2a092fda57b3,Dropped,0.0,9/12/2025,,,9/22/2025,,,,1/5/2026,,,,
17,Firm 17,d2151c88-c935-59a4-a7ff-08d41bfcb417,,,0a59e0ed-7d19-537f-adc8-f661c1f0a0e2,No Exp (tracking only),,,,,,,,,,,,,
17,Firm 17,4464bfb0-b4bf-5f2a-98be-612ed9179f9a,,,c04d8ec2-dbbb-5b6f-9c1e-a723a704b96a,No Exp (tracking only),,,,,,,,,,,,,
17,Firm 17,437472c3-875f-5a82-9c31-c9b4f4f9106c,,,62abb898-c892-5ce4-938a-334c79adb382,No Exp (tracking only),,,,,,,,,,,,,
17,Firm 17,4f1f0936-b501-5bdb-8457-99269ab16423,,,a3f2f6d2-b205-5f8c-947b-cc36d1be8214,No Exp (tracking only),,,,,,,,,,,,,
17,Firm 17,71f4b219-ba9f-559b-9921-5dfd6a769650,,,6727e062-e896-586d-8523-52b42a089668,No Exp (tracking only),,,,,,,,,,,,,
17,Firm 17,100adc67-293b-5e1f-b47f-2bc3e3f642e3,,,dffc719f-c318-5230-8025-537a5097babf,No Exp (tracking only),,,,,,,,,,,,,
17,Firm 17,ad38d518-3286-5411-9686-dc10fc8fcde0,,,5d7572e1-c39d-5de0-8d7e-76a9495278dd,No Exp (tracking only),,,,,,,,,,,,,
17,Firm 17,2cb86108-ffdb-5bfe-a577-e798cf6ac9cb,,,7fb53e77-3f31-5cc0-9a5f-67243ffec888,No Exp (tracking only),,,,,,,,,,,,,
17,Firm 17,1432ae0f-fed1-55bb-913b-34adb913703d,,,315086a6-f687-5bb3-945a-dbc22c87c40a,No Exp (tracking only),,,,,,,,,,,,,
17,Firm 17,f99a9dea-8826-557f-8d98-d32b29d9c0db,,,985b17b3-f3af-5e7c-ab38-5ea8eed691a2,No Exp (tracking only),,,,,,,,,,,,,
12,Firm 12,f15c8a90-1841-5638-aa80-db5a685bc71c,19.0,Expert,7a46de25-4e0c-5412-9f27-655bf590f86e,Group 2,1.0,7/2/2025,7/29/2025,08/04/2025,7/18/2025,7/25/2025,8/26/2025,7/29/2025,10/10/2025,11/13/2025,11/14/2025,,9/10/2025
12,Firm 12,c0bb9258-8f48-5b6b-8709-a8ae9c5fa356,14.0,Expert,2de0fe04-92f5-5f5d-b655-4de7bdf0bfa8,Group 1,1.0,7/2/2025,7/4/2025,8/4/2025,7/18/2025,7/25/2025,8/26/2025,7/29/2025,10/10/2025,10/16/2025,11/7/2025,10/20/2025,12/1/2025
12,Firm 12,04da9b32-1bad-5561-9fb9-1096d37602e0,5.0,Expert,7e5a9b32-f7eb-5782-9581-fe36edd0fae9,Group 2,1.0,7/2/2025,7/22/2025,09/03/2025,7/18/2025,7/25/2025,8/26/2025,7/29/2025,10/10/2025,11/14/2025,11/19/2025,11/20/2025,11/14/2025
8,Firm 8,f5fee844-73a4-534c-ac85-a97cfecd2eb1,13.0,,aad48e66-edaf-55b4-a29e-d6a8344f1f41,Group 2,1.0,7/22/2025,8/3/2025,8/7/2025,8/1/2025,8/17/2025,9/3/2025,8/24/2025,10/30/2025,11/14/2025,11/19/2025,12/5/2025,10/6/2025
8,Firm 8,1f435d1e-fedd-5eeb-be02-1dd0d3afae4c,13.0,,b4cc621c-7892-5bcc-9553-b7aa93518e6e,Group 1,1.0,7/22/2025,8/2/2025,09/17/2025,8/1/2025,,,,10/30/2025,,,,9/5/2025
8,Firm 8,0844d68a-2cb4-52d3-9058-69e48aafcced,13.0,,4157e66d-76e9-55cb-a372-9f8df9f09c0b,Group 1,1.0,7/22/2025,,09/17/2025,8/1/2025,8/8/2025,9/2/2025,8/29/2025,10/30/2025,,,,9/8/2025
8,Firm 8,9b584e40-ba87-5f47-a143-01bf03e6792f,10.0,,1e78f3ba-3477-50a8-a066-00a9feea6a14,Group 2,1.0,7/22/2025,7/24/2025,09/12/2025,8/1/2025,8/6/2025,9/2/2025,8/7/2025,10/30/2025,11/10/2025,11/13/2025,11/11/2025,12/2/2025
8,Firm 8,17bfcc72-ca21-58e3-9784-fa8aad6ecda2,30.0,,714d58d7-d24c-5daa-9999-c9cb84ae78a9,Group 2,1.0,7/22/2025,7/22/2025,09/17/2025,8/1/2025,8/17/2025,9/3/2025,8/18/2025,10/30/2025,11/10/2025,11/13/2025,11/11/2025,9/8/2025
8,Firm 8,55db512b-5128-5c11-ac45-fd9bcfdca6b7,13.0,,505b8a45-85a6-5a22-ab1d-6afcd28a6ea6,Group 2,1.0,7/22/2025,,09/15/2025,8/1/2025,,,,10/30/2025,,,,
8,Firm 8,6051f929-b7fe-5644-8257-940d5cce53be,10.0,,3c9f686e-d22b-56cb-b6dc-5e5e3fe14700,Group 1,1.0,7/22/2025,8/3/2025,09/12/2025,8/1/2025,8/6/2025,9/2/2025,8/7/2025,10/30/2025,11/12/2025,11/14/2025,11/13/2025,12/7/2025
8,Firm 8,4df85593-ecb0-59a1-a508-b1dcd0e7f3d8,1.0,,92580f1e-ddde-5cbe-b77f-b1fb1c8bd55a,Group 2,1.0,7/22/2025,7/24/2025,09/22/2025,8/1/2025,8/9/2025,9/2/2025,8/19/2025,10/30/2025,11/10/2025,11/13/2025,11/11/2025,12/1/2025
10,Firm 10,6ff3b1b9-4cc2-5280-9574-89d75fcf40ad,26.0,,29696480-3e2b-5a15-ad36-3e0c20c2901f,Group 1,1.0,7/16/2025,7/22/2025,09/17/2025,7/25/2025,7/29/2025,8/26/2025,7/31/2025,10/24/2025,11/4/2025,11/7/2025,11/10/2025,12/5/2025
10,Firm 10,610f6b8e-b248-540d-8a70-9b292a56e4f7,37.0,,ad00a7e1-172f-53c3-bb94-219d3d25aaa3,Group 2,1.0,7/16/2025,,09/22/2025,7/25/2025,7/30/2025,9/1/2025,,10/24/2025,11/13/2025,11/14/2025,11/14/2025,
10,Firm 10,f690c0bf-8797-5753-ba65-5e51333eafb8,35.0,,dfb30212-15ab-58f9-ba91-42a18c698aa6,Group 1,1.0,7/16/2025,7/22/2025,09/15/2025,7/25/2025,8/12/2025,9/2/2025,8/13/2025,10/24/2025,11/12/2025,11/14/2025,11/13/2025,12/3/2025
10,Firm 10,5a3348b3-eeae-5437-8bc8-6a52be86ffe0,14.0,,c32b9a16-c556-54a0-a1b2-cf2fdff3bfa0,Group 2,1.0,7/16/2025,7/18/2025,09/17/2025,7/25/2025,7/31/2025,9/1/2025,8/1/2025,10/24/2025,11/1/2025,11/7/2025,11/7/2025,12/1/2025
10,Firm 10,0136e018-9fd4-5cf5-83a1-8caf5ba49e29,25.0,,1d70fc9e-037c-5bfb-86dd-e1bbe0dc520d,Group 2,1.0,7/16/2025,7/22/2025,09/12/2025,7/25/2025,7/28/2025,8/26/2025,,10/24/2025,11/3/2025,11/7/2025,11/10/2025,12/2/2025
10,Firm 10,40b43b55-14bb-53c1-9a32-388d85e820d5,29.0,,1702c072-da20-502e-9e79-c6b7c47be339,Group 2,1.0,7/16/2025,7/19/2025,09/15/2025,7/25/2025,7/30/2025,9/1/2025,8/1/2025,10/24/2025,11/22/2025,11/26/2025,11/29/2025,9/3/2025
3,Firm 3,e200f5bc-82f4-58a2-bf77-1177af73c403,,expert,ec22ad76-ceb4-5f7b-a7cf-e80fa3df8141,POC (GP 2 default),0.0,4/14/2025,,,4/28/2025,,,,7/28/2025,,,,8/19/2025
3,Firm 3,9c7a21c3-9ad2-5939-8012-9fccc4f11b8d,12.0,expert,fde3fcbe-a6b4-5a21-aec5-d83055abcd55,Group 2,1.0,4/14/2025,,09/15/2025,4/28/2025,5/5/2025,7/2/2025,,7/28/2025,8/7/2025,8/25/2025,8/15/2025,
3,Firm 3,dc74c46d-f4e6-5de7-9d31-57c020d9aa6d,2.5,junior,8fe2b5ba-f2c7-5a77-be88-22e250eaca9d,Group 2,1.0,4/14/2025,,09/12/2025,4/28/2025,4/30/2025,7/2/2025,,7/28/2025,8/5/2025,8/25/2025,8/15/2025,7/16/2025
3,Firm 3,a3f296a1-74ab-5a59-aec3-fa6172cfc8d1,2.0,junior (& less),4a83f16b-8b58-5035-afbd-3a8d7d1a267e,Group 1,1.0,4/14/2025,,09/15/2025,4/28/2025,5/6/2025,7/2/2025,,7/28/2025,,,,
3,Firm 3,266975e8-ace1-5c4f-820e-c8de69dd3d21,3.0,junior,66493ea1-816a-5340-9d76-7049a2202180,Group 2,1.0,4/14/2025,,09/13/2025,4/28/2025,5/20/2025,7/2/2025,,7/28/2025,,,,
3,Firm 3,76a051f7-dd16-592e-ad73-ea631df2d3ac,8.0,expert,e304a224-9c86-573b-a3ed-ff33fa3b82db,Group 2,1.0,4/14/2025,,09/17/2025,4/28/2025,5/5/2025,7/2/2025,,7/28/2025,,,,
3,Firm 3,32c58eb4-5961-5947-b2ac-6dd18e85e00d,1.5,expert,c22c5b04-78e1-5e6f-8699-a55516df422c,Dropped,,4/14/2025,,,4/28/2025,,,,7/28/2025,,,,
3,Firm 3,47d76589-d505-5996-8220-c10b9ac44c5e,0.0,expert,952784d4-16fd-54b7-8aec-9f0b3e573a45,Group 2,1.0,4/14/2025,,09/27/2025,4/28/2025,,,,7/28/2025,,,,7/30/2025
3,Firm 3,d5f41246-acf0-54a5-8a18-fe7bbc6633a0,2.0,expert,ca431490-16da-5915-8766-4f6a124ce757,Group 2,1.0,4/14/2025,,09/17/2025,4/28/2025,5/23/2025,9/4/2025,,7/28/2025,7/30/2025,12/4/2025,8/20/2025,6/18/2025
3,Firm 3,9f3b0d47-0c97-5ef8-8a99-4dc710d47538,3.0,junior,9af56d58-f51e-57ef-b27a-7478a5f10830,Group 1,1.0,4/14/2025,,09/12/2025,4/28/2025,,,,7/28/2025,,,8/18/2025,8/19/2025
3,Firm 3,5a8d71ee-9b5e-56a2-8d7c-59beb2a23357,1.0,junior (& less),4bcf550c-b99c-5d84-953a-cacf63652ae7,Group 2,1.0,4/14/2025,,09/15/2025,4/28/2025,5/1/2025,7/2/2025,,7/28/2025,8/6/2025,8/25/2025,8/15/2025,8/19/2025
3,Firm 3,56963dde-554e-5760-aa71-bae7be78a458,0.0,junior (& less),ee13843f-f078-5f66-841b-e1c5602f23ce,Group 2,1.0,4/14/2025,,09/08/2025,4/28/2025,5/1/2025,7/2/2025,,7/28/2025,8/1/2025,8/25/2025,8/22/2025,
16,Firm 16,,,,9ae7d678-8770-5768-8d1f-92d5be4d5e4e,Original Group (pre-experiment),,,,,,,,,,,,,
16,Firm 16,,,,cf97fe7c-2722-5978-9f0c-686a8c4b65a0,Original Group (pre-experiment),,,,,,,,,,,,,
16,Firm 16,,,,9c3d730f-7322-51fd-8f73-38d05da7e412,Original Group (pre-experiment),,,,,,,,,,,,,
16,Firm 16,,,,cace973f-f092-58f0-bf15-520673a8ffa4,Original Group (pre-experiment),,,,,,,,,,,,,
16,Firm 16,,,,6e207dc7-8ae5-5032-87e4-3741c1b08eda,Original Group (pre-experiment),,,,,,,,,,,,,
16,Firm 16,,,,c3907324-e153-5f56-8f5d-5db34c82aa31,Original Group (pre-experiment),,,,,,,,,,,,,
16,Firm 16,,,,62ec1e1d-29b3-517d-b37e-61959f623e00,Original Group (pre-experiment),,,,,,,,,,,,,
16,Firm 16,,,,c03e6247-f323-53e4-b7bb-67bf85d6faae,Original Group (pre-experiment),,,,,,,,,,,,,
16,Firm 16,,,,cf718891-2096-5dfa-aae1-610d6070e29c,Original Group (pre-experiment),,,,,,,,,,,,,
16,Firm 16,,,,d9ae5ee2-2169-5163-b99b-c634bf146adc,Original Group (pre-experiment),,,,,,,,,,,,,
16,Firm 16,,,,51931864-f7fd-5275-b667-8ef40eba6ed3,Original Group (pre-experiment),,,,,,,,,,,,,
5,Firm 5,2a62fcf7-ff2a-50ce-9128-dfaf6a494988,24.0,,d66c4d44-7a4e-54c1-96d9-4f322fcbb4ea,Group 2,1.0,7/29/2025,8/4/2025,08/15/2025,8/7/2025,,,,11/6/2025,2/16/2026,2/18/2026,2/17/2026,9/10/2025
5,Firm 5,d8eaf398-35f6-56a7-840e-1205988709e8,24.0,,a2681b4e-7a61-5565-a3c5-e92f1305f587,Group 1,1.0,7/29/2025,8/4/2025,07/21/2025,8/7/2025,8/14/2025,9/3/2025,8/15/2025,11/6/2025,2/12/2026,2/18/2026,2/18/2026,11/5/2025
5,Firm 5,58ae492e-cf5c-5f25-8933-c983b6e13803,20.0,,3395f03f-a6ce-5b76-b994-f3c2beb8a9f1,Group 2,1.0,7/29/2025,8/4/2025,10/06/2025,8/7/2025,8/15/2025,9/3/2025,8/24/2025,11/6/2025,1/31/2026,2/5/2026,2/1/2026,11/3/2025
5,Firm 5,661cbfa9-b573-51a0-a0f8-6464f6a49f20,10.0,,c4dc4f83-9465-5266-9c88-ca83ef76d53f,Group 2,1.0,7/29/2025,7/31/2025,10/03/2025,8/7/2025,8/15/2025,9/3/2025,8/17/2025,11/6/2025,2/2/2026,2/5/2026,2/9/2026,9/8/2025
5,Firm 5,4b8d4b30-165c-5f24-8dbe-7b675d87e5d9,21.0,,0ebc67d4-8a05-50b3-af8d-01845f6ab05e,Group 1,1.0,7/29/2025,8/3/2025,08/03/2025,8/7/2025,8/13/2025,9/8/2025,8/14/2025,11/6/2025,2/13/2026,2/18/2026,2/16/2026,10/5/2025
5,Firm 5,1184afa1-092d-5089-9c42-ff4b51137a56,25.0,,2c5d386c-5010-5e09-9b3a-26efaa3472ce,Group 2,1.0,7/29/2025,8/4/2025,08/04/2025,8/7/2025,,,,11/6/2025,1/29/2026,2/4/2026,1/30/2026,
5,Firm 5,9b827e63-4158-56c6-9ef9-09c98a46f641,24.0,,79d8a242-5752-5cfa-9abd-643524c4f12a,Group 2,1.0,7/29/2025,8/1/2025,09/27/2025,8/7/2025,8/12/2025,9/2/2025,8/13/2025,11/6/2025,1/30/2026,2/5/2026,2/2/2026,10/6/2025
5,Firm 5,92e34556-7247-52da-b28b-da68f8523cad,10.0,,081064a2-d80d-54cc-aa3a-1021cbfbddf7,Group 2,1.0,7/29/2025,8/2/2025,09/29/2025,8/7/2025,8/15/2025,9/8/2025,8/21/2025,11/6/2025,2/2/2026,2/5/2026,2/3/2026,11/3/2025
5,Firm 5,f326062e-cc66-55a3-8f2f-ccf1fa0132b1,16.0,,aa2b0260-28d6-520f-b8cb-37db10a3897c,Group 2,1.0,7/29/2025,8/1/2025,09/27/2025,8/7/2025,8/15/2025,9/3/2025,8/19/2025,11/6/2025,1/29/2026,1/30/2026,1/30/2026,10/3/2025
5,Firm 5,97b65b3f-b2b1-5a53-949a-3bf36dd7c507,11.0,,c4c0b9ff-5041-522a-b44b-c13f32609164,Group 1,1.0,7/29/2025,8/5/2025,09/27/2025,8/7/2025,8/15/2025,9/8/2025,8/21/2025,11/6/2025,2/1/2026,2/5/2026,2/12/2026,10/3/2025
5,Firm 5,5ba6a59c-c9d8-5530-ae38-2b391c054d24,10.0,,312bab6b-def1-5e03-ba9e-43b36762fc0e,Group 2,1.0,7/29/2025,8/4/2025,09/29/2025,8/7/2025,8/16/2025,9/8/2025,8/17/2025,11/6/2025,2/1/2026,2/5/2026,2/3/2026,10/6/2025
2,Firm 2,52c59751-7d90-5020-84c8-d4fba8e5cc0c,19.0,,bf8f2708-95cc-5b2f-96a4-074b2b2726f7,Group 2,1.0,9/12/2025,9/17/2025,09/17/2025,9/22/2025,9/25/2025,10/7/2025,9/26/2025,1/5/2026,1/15/2026,1/16/2026,1/26/2026,12/2/2025
2,Firm 2,ccec4154-8749-54f8-83e2-0d9815ff2a5d,9.0,,28ec896f-ed9f-545f-bee1-10ac5420b63d,Group 2,1.0,9/12/2025,9/17/2025,08/10/2025,9/22/2025,10/12/2025,10/14/2025,10/20/2025,1/5/2026,1/23/2026,1/30/2026,1/24/2026,12/2/2025
2,Firm 2,a86286bb-fcf1-5f1c-9ad2-a91571458aa5,1.0,,198001e7-9099-51fb-8928-1294eeb930f7,Group 2,1.0,9/12/2025,9/16/2025,08/01/2025,9/22/2025,9/28/2025,10/6/2025,9/29/2025,1/5/2026,1/15/2026,1/16/2026,1/21/2026,12/9/2025
2,Firm 2,0f2ef06d-3254-56b1-a8cc-af1f97ff8d8f,3.0,,15068612-35ca-54b2-8bc0-662ebe3db2c6,Group 2,1.0,9/12/2025,9/17/2025,07/23/2025,9/22/2025,10/1/2025,10/6/2025,10/7/2025,1/5/2026,1/20/2026,1/22/2026,2/5/2026,1/12/2026
2,Firm 2,4625875a-7504-5d68-97d5-f01386647271,24.0,,b66ba204-38d5-5532-8224-775deb04efaf,Group 2,1.0,9/12/2025,9/12/2025,07/22/2025,9/22/2025,10/26/2025,10/29/2025,11/1/2025,1/5/2026,2/7/2026,2/11/2026,2/8/2026,1/6/2026
2,Firm 2,0152f3c6-ed83-562a-9280-290b03a61941,4.0,,0424c1e1-8335-5f40-b3bc-98787b582ff6,Group 2,1.0,9/12/2025,9/15/2025,07/22/2025,9/22/2025,9/26/2025,10/7/2025,9/29/2025,1/5/2026,1/21/2026,1/28/2026,1/27/2026,1/20/2026
2,Firm 2,91b5095b-659c-54dc-9585-edeb7c480aef,3.0,,3e5ea9c7-a9c0-5609-b951-ef13610ba37f,Group 1,1.0,9/12/2025,9/28/2025,07/22/2025,9/22/2025,9/27/2025,10/7/2025,9/29/2025,1/5/2026,1/21/2026,1/22/2026,1/22/2026,12/5/2025
2,Firm 2,6a32ef5b-9e40-50eb-adce-d3e53926b79f,10.0,,6f2377f4-c5c5-56ff-85bb-5576b57e8149,Group 1,1.0,9/12/2025,,08/01/2025,9/22/2025,,,,1/5/2026,1/22/2026,1/28/2026,1/28/2026,10/3/2025
2,Firm 2,f3ef4942-86c2-5a41-9b86-a0cd021489c3,3.0,,5f155ac5-5ece-5e91-b0cb-e7afa524c9e8,Group 1,1.0,9/12/2025,,07/24/2025,9/22/2025,9/29/2025,10/6/2025,10/13/2025,1/5/2026,1/11/2026,1/22/2026,1/13/2026,11/3/2025
2,Firm 2,43172e3d-a271-5337-9ead-73e5cf983a21,7.0,,bdad2972-1b06-5143-baea-94731e8d82eb,Group 2,1.0,9/12/2025,10/1/2025,07/21/2025,9/22/2025,10/1/2025,10/6/2025,10/2/2025,1/5/2026,1/22/2026,1/28/2026,1/23/2026,1/5/2026
2,Firm 2,996bc80d-f915-577a-8a4d-2d4b7b327f7d,25.0,,15527170-9f0f-51c3-9987-2983f238cbf1,Group 2,1.0,9/12/2025,9/17/2025,07/16/2025,9/22/2025,10/21/2025,10/22/2025,10/22/2025,1/5/2026,1/12/2026,1/14/2026,1/13/2026,1/12/2026
2,Firm 2,84e094a9-694b-54a7-b46c-0406dc83cf94,5.0,,f2029b1e-5ed0-5a1e-b47c-f928d808019f,Dropped,0.0,9/12/2025,9/29/2025,09/29/2025,9/22/2025,,,,1/5/2026,,,,
2,Firm 2,591b4125-9f74-5d51-b07b-cdc8f2418b7a,18.0,,25f83601-4352-57bd-9f44-832960bd1768,Group 2,1.0,9/12/2025,10/2/2025,07/21/2025,9/22/2025,10/8/2025,10/13/2025,10/9/2025,1/5/2026,1/27/2026,1/30/2026,2/2/2026,12/7/2025
2,Firm 2,da777318-6dc4-55cb-b719-68a7e9b41246,1.0,,ade4ca81-4320-5b8b-a29d-20ede345a425,Group 1,1.0,9/12/2025,9/17/2025,07/18/2025,9/22/2025,9/29/2025,10/6/2025,10/13/2025,1/5/2026,1/26/2026,1/28/2026,1/27/2026,1/6/2026
2,Firm 2,953e8e44-05ff-5372-b607-c953e5d4f2fc,6.0,,f441ce38-520e-5e2f-8360-370a01459d59,Group 2,1.0,9/12/2025,9/26/2025,07/17/2025,9/22/2025,10/12/2025,10/14/2025,10/13/2025,1/5/2026,,,,12/2/2025
2,Firm 2,38968897-d0ce-5f20-821d-cfc40b5da262,11.0,,7089484c-92e7-5084-8acb-d9feb6f920f5,Group 2,1.0,9/12/2025,9/18/2025,07/17/2025,9/22/2025,9/25/2025,10/7/2025,9/26/2025,1/5/2026,1/20/2026,1/22/2026,1/21/2026,12/1/2025
7,Firm 7,d02510f8-2ad8-52d7-9bcc-606b7c8c3dd0,25.0,,8eee667a-2992-5108-a4cd-e6011d06332e,Group 2,1.0,9/22/2025,10/6/2025,,10/7/2025,,,,,,,,1/12/2026
7,Firm 7,23c704c7-8077-5f1c-a54d-46b593e37e45,27.0,,c4e0b1d9-93b6-5fcf-a9bf-57b29df84781,Group 2,1.0,9/22/2025,,,10/7/2025,,,,,,,,10/3/2025
7,Firm 7,1b6a559c-bae9-55e3-9333-bfd1c19142bc,18.0,,4b0bb4d8-06c4-5dbb-8f16-5958097cf714,Group 2,1.0,9/22/2025,,,10/7/2025,,,,,,,,
7,Firm 7,d61fa670-e20f-50ea-99e6-abe9162f6866,14.0,,003dcd8c-031e-58a4-93ac-d69e143cda75,Group 1,1.0,9/22/2025,,,10/7/2025,,,,,,,,
7,Firm 7,ec57115c-a3a5-54d1-9fad-34aae6d8dd56,3.0,,f61f2622-8305-5e35-a0fa-d30b20bea41a,Group 2,1.0,9/22/2025,9/27/2025,,10/7/2025,,,,,,,,
7,Firm 7,0d8939d1-9ca3-5e50-a44a-00307fddca3c,19.0,,54b7346a-b77a-5673-8586-eb12ad98c910,Group 2,1.0,9/22/2025,9/29/2025,,10/7/2025,,,,,,,,
7,Firm 7,9dbd4c9c-64f8-5c57-b6c4-0c13731004a7,13.0,,fd9eb52e-4419-54c4-8919-38759eb71e45,Group 1,1.0,9/22/2025,9/30/2025,,10/7/2025,10/19/2025,10/21/2025,10/20/2025,,,,,1/5/2026
7,Firm 7,16c05935-3982-5d2b-ab8f-e2d68e6a4607,14.0,,7789b54c-8e35-5d32-a9f2-908b31e982fe,Group 1,1.0,9/22/2025,,,10/7/2025,,,,,,,,
7,Firm 7,b8d3a65e-0c76-5a1c-8e8a-ec4e179e0696,10.0,,3af42c8a-0172-5aa1-81ec-69adb90b142c,Group 2,1.0,9/22/2025,,,10/7/2025,,,,,,,,
7,Firm 7,8cb4b83c-7f19-5962-83c5-be027828f567,3.0,,ad930aef-9e4f-51a2-8a0c-b7aede993181,Group 2,1.0,9/22/2025,,,10/7/2025,,,,,,,,12/15/2025
19,Firm 19,b08b3be3-d03c-532c-9434-ed7be0636a94,3.0,,b51c3fd9-1b93-5749-850e-7820bbf3f8a3,Group 1,0.0,,10/21/2025,06/20/2025,,,,,11/6/2025,11/9/2025,,,9/8/2025
,,,,,,,,,,,,,,,,,,,
,,,,,,,,,,,,,,,,,,,
,,,,,,,,,,,,,,,,,,,
,,,,,,,,,,,,,,,,,,,
,,,,,,,,,,,,,,,,,,,
,,,,,,,,,,,,,,,,,,,
,,,,,,,,,,,,,,,,,,,
,,,,,,,,,,,,,,,,,,,
,,,,,,,,,,,,,,,,,,,
,,,,,,,,,,,,,,,,,,,
,,,,,,,,,,,,,,,,,,,
,,,,,,,,,,,,,,,,,,,
,,,,,,,,,,,,,,,,,,,
,,,,,,,,,,,,,,,,,,,
,,,,,,,,,,,,,,,,,,,
,,,,,,,,,,,,,,,,,,,
,,,,,,,,,,,,,,,,,,,
,,,,,,,,,,,,,,,,,,,
,,,,,,,,,,,,,,,,,,,
,,,,,,,,,,,,,,,,,,,
,,,,,,,,,,,,,,,,,,,
,,,,,,,,,,,,,,,,,,,
,,,,,,,,,,,,,,,,,,,
,,,,,,,,,,,,,,,,,,,
,,,,,,,,,,,,,,,,,,,
,,,,,,,,,,,,,,,,,,,
,,,,,,,,,,,,,,,,,,,
,,,,,,,,,,,,,,,,,,,
,,,,,,,,,,,,,,,,,,,
,,,,,,,,,,,,,,,,,,,
,,,,,,,,,,,,,,,,,,,
,,,,,,,,,,,,,,,,,,,
,,,,,,,,,,,,,,,,,,,
,,,,,,,,,,,,,,,,,,,
,,,,,,,,,,,,,,,,,,,
,,,,,,,,,,,,,,,,,,,
,,,,,,,,,,,,,,,,,,,
,,,,,,,,,,,,,,,,,,,
,,,,,,,,,,,,,,,,,,,
,,,,,,,,,,,,,,,,,,,
,,,,,,,,,,,,,,,,,,,
,,,,,,,,,,,,,,,,,,,
,,,,,,,,,,,,,,,,,,,
,,,,,,,,,,,,,,,,,,,
,,,,,,,,,,,,,,,,,,,
,,,,,,,,,,,,,,,,,,,
,,,,,,,,,,,,,,,,,,,
,,,,,,,,,,,,,,,,,,,
,,,,,,,,,,,,,,,,,,,
,,,,,,,,,,,,,,,,,,,
,,,,,,,,,,,,,,,,,,,
,,,,,,,,,,,,,,,,,,,
,,,,,,,,,,,,,,,,,,,
,,,,,,,,,,,,,,,,,,,
,,,,,,,,,,,,,,,,,,,
,,,,,,,,,,,,,,,,,,,
,,,,,,,,,,,,,,,,,,,
,,,,,,,,,,,,,,,,,,,
,,,,,,,,,,,,,,,,,,,
,,,,,,,,,,,,,,,,,,,
,,,,,,,,,,,,,,,,,,,
,,,,,,,,,,,,,,,,,,,
,,,,,,,,,,,,,,,,,,,
,,,,,,,,,,,,,,,,,,,
,,,,,,,,,,,,,,,,,,,
,,,,,,,,,,,,,,,,,,,
,,,,,,,,,,,,,,,,,,,
,,,,,,,,,,,,,,,,,,,
,,,,,,,,,,,,,,,,,,,
,,,,,,,,,,,,,,,,,,,
,,,,,,,,,,,,,,,,,,,
,,,,,,,,,,,,,,,,,,,
,,,,,,,,,,,,,,,,,,,
,,,,,,,,,,,,,,,,,,,
,,,,,,,,,,,,,,,,,,,
,,,,,,,,,,,,,,,,,,,
,,,,,,,,,,,,,,,,,,,
,,,,,,,,,,,,,,,,,,,
,,,,,,,,,,,,,,,,,,,
,,,,,,,,,,,,,,,,,,,
,,,,,,,,,,,,,,,,,,,
,,,,,,,,,,,,,,,,,,,
,,,,,,,,,,,,,,,,,,,
,,,,,,,,,,,,,,,,,,,
,,,,,,,,,,,,,,,,,,,
,,,,,,,,,,,,,,,,,,,
,,,,,,,,,,,,,,,,,,,
,,,,,,,,,,,,,,,,,,,
,,,,,,,,,,,,,,,,,,,
,,,,,,,,,,,,,,,,,,,
,,,,,,,,,,,,,,,,,,,
,,,,,,,,,,,,,,,,,,,
,,,,,,,,,,,,,,,,,,,
,,,,,,,,,,,,,,,,,,,
,,,,,,,,,,,,,,,,,,,
,,,,,,,,,,,,,,,,,,,
,,,,,,,,,,,,,,,,,,,
,,,,,,,,,,,,,,,,,,,
,,,,,,,,,,,,,,,,,,,
,,,,,,,,,,,,,,,,,,,
,,,,,,,,,,,,,,,,,,,
,,,,,,,,,,,,,,,,,,,
,,,,,,,,,,,,,,,,,,,
,,,,,,,,,,,,,,,,,,,
,,,,,,,,,,,,,,,,,,,
,,,,,,,,,,,,,,,,,,,
,,,,,,,,,,,,,,,,,,,
,,,,,,,,,,,,,,,,,,,
,,,,,,,,,,,,,,,,,,,
,,,,,,,,,,,,,,,,,,,
,,,,,,,,,,,,,,,,,,,
,,,,,,,,,,,,,,,,,,,
,,,,,,,,,,,,,,,,,,,
,,,,,,,,,,,,,,,,,,,
,,,,,,,,,,,,,,,,,,,
,,,,,,,,,,,,,,,,,,,
,,,,,,,,,,,,,,,,,,,
,,,,,,,,,,,,,,,,,,,
,,,,,,,,,,,,,,,,,,,
,,,,,,,,,,,,,,,,,,,
,,,,,,,,,,,,,,,,,,,
,,,,,,,,,,,,,,,,,,,
,,,,,,,,,,,,,,,,,,,
,,,,,,,,,,,,,,,,,,,
,,,,,,,,,,,,,,,,,,,
,,,,,,,,,,,,,,,,,,,
,,,,,,,,,,,,,,,,,,,
,,,,,,,,,,,,,,,,,,,
,,,,,,,,,,,,,,,,,,,
,,,,,,,,,,,,,,,,,,,
,,,,,,,,,,,,,,,,,,,
,,,,,,,,,,,,,,,,,,,
,,,,,,,,,,,,,,,,,,,
,,,,,,,,,,,,,,,,,,,
,,,,,,,,,,,,,,,,,,,
,,,,,,,,,,,,,,,,,,,
,,,,,,,,,,,,,,,,,,,
,,,,,,,,,,,,,,,,,,,
,,,,,,,,,,,,,,,,,,,
,,,,,,,,,,,,,,,,,,,
,,,,,,,,,,,,,,,,,,,
,,,,,,,,,,,,,,,,,,,
,,,,,,,,,,,,,,,,,,,
,,,,,,,,,,,,,,,,,,,
,,,,,,,,,,,,,,,,,,,
,,,,,,,,,,,,,,,,,,,
,,,,,,,,,,,,,,,,,,,
,,,,,,,,,,,,,,,,,,,
,,,,,,,,,,,,,,,,,,,
,,,,,,,,,,,,,,,,,,,
,,,,,,,,,,,,,,,,,,,
,,,,,,,,,,,,,,,,,,,
,,,,,,,,,,,,,,,,,,,
,,,,,,,,,,,,,,,,,,,
,,,,,,,,,,,,,,,,,,,
,,,,,,,,,,,,,,,,,,,
,,,,,,,,,,,,,,,,,,,
,,,,,,,,,,,,,,,,,,,
,,,,,,,,,,,,,,,,,,,
,,,,,,,,,,,,,,,,,,,
,,,,,,,,,,,,,,,,,,,
,,,,,,,,,,,,,,,,,,,
,,,,,,,,,,,,,,,,,,,
,,,,,,,,,,,,,,,,,,,
,,,,,,,,,,,,,,,,,,,
,,,,,,,,,,,,,,,,,,,
,,,,,,,,,,,,,,,,,,,
,,,,,,,,,,,,,,,,,,,
,,,,,,,,,,,,,,,,,,,
,,,,,,,,,,,,,,,,,,,
,,,,,,,,,,,,,,,,,,,
,,,,,,,,,,,,,,,,,,,
,,,,,,,,,,,,,,,,,,,
,,,,,,,,,,,,,,,,,,,
,,,,,,,,,,,,,,,,,,,
,,,,,,,,,,,,,,,,,,,
,,,,,,,,,,,,,,,,,,,
,,,,,,,,,,,,,,,,,,,
,,,,,,,,,,,,,,,,,,,
,,,,,,,,,,,,,,,,,,,
,,,,,,,,,,,,,,,,,,,
,,,,,,,,,,,,,,,,,,,
,,,,,,,,,,,,,,,,,,,
,,,,,,,,,,,,,,,,,,,
,,,,,,,,,,,,,,,,,,,
,,,,,,,,,,,,,,,,,,,
,,,,,,,,,,,,,,,,,,,
,,,,,,,,,,,,,,,,,,,
,,,,,,,,,,,,,,,,,,,
,,,,,,,,,,,,,,,,,,,
,,,,,,,,,,,,,,,,,,,
,,,,,,,,,,,,,,,,,,,
,,,,,,,,,,,,,,,,,,,
,,,,,,,,,,,,,,,,,,,
,,,,,,,,,,,,,,,,,,,
,,,,,,,,,,,,,,,,,,,
,,,,,,,,,,,,,,,,,,,
,,,,,,,,,,,,,,,,,,,
,,,,,,,,,,,,,,,,,,,
,,,,,,,,,,,,,,,,,,,
,,,,,,,,,,,,,,,,,,,
,,,,,,,,,,,,,,,,,,,
,,,,,,,,,,,,,,,,,,,
,,,,,,,,,,,,,,,,,,,
,,,,,,,,,,,,,,,,,,,
,,,,,,,,,,,,,,,,,,,
,,,,,,,,,,,,,,,,,,,
,,,,,,,,,,,,,,,,,,,
,,,,,,,,,,,,,,,,,,,
,,,,,,,,,,,,,,,,,,,
,,,,,,,,,,,,,,,,,,,
,,,,,,,,,,,,,,,,,,,
,,,,,,,,,,,,,,,,,,,
,,,,,,,,,,,,,,,,,,,
,,,,,,,,,,,,,,,,,,,
,,,,,,,,,,,,,,,,,,,
,,,,,,,,,,,,,,,,,,,
,,,,,,,,,,,,,,,,,,,
,,,,,,,,,,,,,,,,,,,
,,,,,,,,,,,,,,,,,,,
,,,,,,,,,,,,,,,,,,,
,,,,,,,,,,,,,,,,,,,
,,,,,,,,,,,,,,,,,,,
,,,,,,,,,,,,,,,,,,,
,,,,,,,,,,,,,,,,,,,
,,,,,,,,,,,,,,,,,,,
,,,,,,,,,,,,,,,,,,,
,,,,,,,,,,,,,,,,,,,
,,,,,,,,,,,,,,,,,,,
,,,,,,,,,,,,,,,,,,,
,,,,,,,,,,,,,,,,,,,
,,,,,,,,,,,,,,,,,,,
,,,,,,,,,,,,,,,,,,,
,,,,,,,,,,,,,,,,,,,
,,,,,,,,,,,,,,,,,,,
,,,,,,,,,,,,,,,,,,,
,,,,,,,,,,,,,,,,,,,
,,,,,,,,,,,,,,,,,,,
,,,,,,,,,,,,,,,,,,,
,,,,,,,,,,,,,,,,,,,
,,,,,,,,,,,,,,,,,,,
,,,,,,,,,,,,,,,,,,,
,,,,,,,,,,,,,,,,,,,
,,,,,,,,,,,,,,,,,,,
,,,,,,,,,,,,,,,,,,,
,,,,,,,,,,,,,,,,,,,
,,,,,,,,,,,,,,,,,,,
,,,,,,,,,,,,,,,,,,,
,,,,,,,,,,,,,,,,,,,
,,,,,,,,,,,,,,,,,,,
,,,,,,,,,,,,,,,,,,,
,,,,,,,,,,,,,,,,,,,
,,,,,,,,,,,,,,,,,,,
,,,,,,,,,,,,,,,,,,,
,,,,,,,,,,,,,,,,,,,
,,,,,,,,,,,,,,,,,,,
,,,,,,,,,,,,,,,,,,,
,,,,,,,,,,,,,,,,,,,
,,,,,,,,,,,,,,,,,,,
,,,,,,,,,,,,,,,,,,,
,,,,,,,,,,,,,,,,,,,
,,,,,,,,,,,,,,,,,,,
,,,,,,,,,,,,,,,,,,,
,,,,,,,,,,,,,,,,,,,
,,,,,,,,,,,,,,,,,,,
,,,,,,,,,,,,,,,,,,,
,,,,,,,,,,,,,,,,,,,
,,,,,,,,,,,,,,,,,,,
,,,,,,,,,,,,,,,,,,,
,,,,,,,,,,,,,,,,,,,
,,,,,,,,,,,,,,,,,,,
,,,,,,,,,,,,,,,,,,,
,,,,,,,,,,,,,,,,,,,
,,,,,,,,,,,,,,,,,,,
,,,,,,,,,,,,,,,,,,,
,,,,,,,,,,,,,,,,,,,
,,,,,,,,,,,,,,,,,,,
,,,,,,,,,,,,,,,,,,,
,,,,,,,,,,,,,,,,,,,
,,,,,,,,,,,,,,,,,,,
,,,,,,,,,,,,,,,,,,,
,,,,,,,,,,,,,,,,,,,
,,,,,,,,,,,,,,,,,,,
,,,,,,,,,,,,,,,,,,,
,,,,,,,,,,,,,,,,,,,
,,,,,,,,,,,,,,,,,,,
,,,,,,,,,,,,,,,,,,,
,,,,,,,,,,,,,,,,,,,
,,,,,,,,,,,,,,,,,,,
,,,,,,,,,,,,,,,,,,,
,,,,,,,,,,,,,,,,,,,
,,,,,,,,,,,,,,,,,,,
,,,,,,,,,,,,,,,,,,,
,,,,,,,,,,,,,,,,,,,
,,,,,,,,,,,,,,,,,,,
,,,,,,,,,,,,,,,,,,,
,,,,,,,,,,,,,,,,,,,
,,,,,,,,,,,,,,,,,,,
,,,,,,,,,,,,,,,,,,,
,,,,,,,,,,,,,,,,,,,
,,,,,,,,,,,,,,,,,,,
,,,,,,,,,,,,,,,,,,,
,,,,,,,,,,,,,,,,,,,
,,,,,,,,,,,,,,,,,,,
,,,,,,,,,,,,,,,,,,,
,,,,,,,,,,,,,,,,,,,
,,,,,,,,,,,,,,,,,,,
,,,,,,,,,,,,,,,,,,,
,,,,,,,,,,,,,,,,,,,
,,,,,,,,,,,,,,,,,,,
,,,,,,,,,,,,,,,,,,,
,,,,,,,,,,,,,,,,,,,
,,,,,,,,,,,,,,,,,,,
,,,,,,,,,,,,,,,,,,,
,,,,,,,,,,,,,,,,,,,
,,,,,,,,,,,,,,,,,,,
,,,,,,,,,,,,,,,,,,,
,,,,,,,,,,,,,,,,,,,
,,,,,,,,,,,,,,,,,,,
,,,,,,,,,,,,,,,,,,,
,,,,,,,,,,,,,,,,,,,
,,,,,,,,,,,,,,,,,,,
,,,,,,,,,,,,,,,,,,,
,,,,,,,,,,,,,,,,,,,
,,,,,,,,,,,,,,,,,,,
,,,,,,,,,,,,,,,,,,,
,,,,,,,,,,,,,,,,,,,
,,,,,,,,,,,,,,,,,,,
,,,,,,,,,,,,,,,,,,,
,,,,,,,,,,,,,,,,,,,
,,,,,,,,,,,,,,,,,,,
,,,,,,,,,,,,,,,,,,,
,,,,,,,,,,,,,,,,,,,
,,,,,,,,,,,,,,,,,,,
,,,,,,,,,,,,,,,,,,,
,,,,,,,,,,,,,,,,,,,
,,,,,,,,,,,,,,,,,,,
,,,,,,,,,,,,,,,,,,,
,,,,,,,,,,,,,,,,,,,
,,,,,,,,,,,,,,,,,,,
,,,,,,,,,,,,,,,,,,,
,,,,,,,,,,,,,,,,,,,
,,,,,,,,,,,,,,,,,,,
,,,,,,,,,,,,,,,,,,,
,,,,,,,,,,,,,,,,,,,
,,,,,,,,,,,,,,,,,,,
,,,,,,,,,,,,,,,,,,,
,,,,,,,,,,,,,,,,,,,
,,,,,,,,,,,,,,,,,,,
,,,,,,,,,,,,,,,,,,,
,,,,,,,,,,,,,,,,,,,
,,,,,,,,,,,,,,,,,,,
,,,,,,,,,,,,,,,,,,,
,,,,,,,,,,,,,,,,,,,
,,,,,,,,,,,,,,,,,,,
,,,,,,,,,,,,,,,,,,,
,,,,,,,,,,,,,,,,,,,
,,,,,,,,,,,,,,,,,,,
,,,,,,,,,,,,,,,,,,,
,,,,,,,,,,,,,,,,,,,
,,,,,,,,,,,,,,,,,,,
,,,,,,,,,,,,,,,,,,,
,,,,,,,,,,,,,,,,,,,
,,,,,,,,,,,,,,,,,,,
,,,,,,,,,,,,,,,,,,,
,,,,,,,,,,,,,,,,,,,
,,,,,,,,,,,,,,,,,,,
,,,,,,,,,,,,,,,,,,,
,,,,,,,,,,,,,,,,,,,
,,,,,,,,,,,,,,,,,,,
,,,,,,,,,,,,,,,,,,,
,,,,,,,,,,,,,,,,,,,
,,,,,,,,,,,,,,,,,,,
,,,,,,,,,,,,,,,,,,,
,,,,,,,,,,,,,,,,,,,
,,,,,,,,,,,,,,,,,,,
,,,,,,,,,,,,,,,,,,,
,,,,,,,,,,,,,,,,,,,
,,,,,,,,,,,,,,,,,,,
,,,,,,,,,,,,,,,,,,,
,,,,,,,,,,,,,,,,,,,
,,,,,,,,,,,,,,,,,,,
,,,,,,,,,,,,,,,,,,,
,,,,,,,,,,,,,,,,,,,
,,,,,,,,,,,,,,,,,,,
,,,,,,,,,,,,,,,,,,,
,,,,,,,,,,,,,,,,,,,
,,,,,,,,,,,,,,,,,,,
,,,,,,,,,,,,,,,,,,,
,,,,,,,,,,,,,,,,,,,
,,,,,,,,,,,,,,,,,,,
,,,,,,,,,,,,,,,,,,,
,,,,,,,,,,,,,,,,,,,
,,,,,,,,,,,,,,,,,,,
,,,,,,,,,,,,,,,,,,,
,,,,,,,,,,,,,,,,,,,
,,,,,,,,,,,,,,,,,,,
,,,,,,,,,,,,,,,,,,,
,,,,,,,,,,,,,,,,,,,
,,,,,,,,,,,,,,,,,,,
,,,,,,,,,,,,,,,,,,,
,,,,,,,,,,,,,,,,,,,
,,,,,,,,,,,,,,,,,,,
,,,,,,,,,,,,,,,,,,,
,,,,,,,,,,,,,,,,,,,
,,,,,,,,,,,,,,,,,,,
,,,,,,,,,,,,,,,,,,,
,,,,,,,,,,,,,,,,,,,
,,,,,,,,,,,,,,,,,,,
,,,,,,,,,,,,,,,,,,,
,,,,,,,,,,,,,,,,,,,
,,,,,,,,,,,,,,,,,,,
,,,,,,,,,,,,,,,,,,,
,,,,,,,,,,,,,,,,,,,
,,,,,,,,,,,,,,,,,,,
,,,,,,,,,,,,,,,,,,,
,,,,,,,,,,,,,,,,,,,
,,,,,,,,,,,,,,,,,,,
,,,,,,,,,,,,,,,,,,,
,,,,,,,,,,,,,,,,,,,
,,,,,,,,,,,,,,,,,,,
,,,,,,,,,,,,,,,,,,,
,,,,,,,,,,,,,,,,,,,
,,,,,,,,,,,,,,,,,,,
,,,,,,,,,,,,,,,,,,,
,,,,,,,,,,,,,,,,,,,
,,,,,,,,,,,,,,,,,,,
,,,,,,,,,,,,,,,,,,,
,,,,,,,,,,,,,,,,,,,
,,,,,,,,,,,,,,,,,,,
,,,,,,,,,,,,,,,,,,,
,,,,,,,,,,,,,,,,,,,
,,,,,,,,,,,,,,,,,,,
,,,,,,,,,,,,,,,,,,,
,,,,,,,,,,,,,,,,,,,
,,,,,,,,,,,,,,,,,,,
,,,,,,,,,,,,,,,,,,,
,,,,,,,,,,,,,,,,,,,
,,,,,,,,,,,,,,,,,,,
,,,,,,,,,,,,,,,,,,,
,,,,,,,,,,,,,,,,,,,
,,,,,,,,,,,,,,,,,,,
,,,,,,,,,,,,,,,,,,,
,,,,,,,,,,,,,,,,,,,
,,,,,,,,,,,,,,,,,,,
,,,,,,,,,,,,,,,,,,,
,,,,,,,,,,,,,,,,,,,
,,,,,,,,,,,,,,,,,,,
,,,,,,,,,,,,,,,,,,,
,,,,,,,,,,,,,,,,,,,
,,,,,,,,,,,,,,,,,,,
,,,,,,,,,,,,,,,,,,,
,,,,,,,,,,,,,,,,,,,
,,,,,,,,,,,,,,,,,,,
,,,,,,,,,,,,,,,,,,,
,,,,,,,,,,,,,,,,,,,
,,,,,,,,,,,,,,,,,,,
,,,,,,,,,,,,,,,,,,,
,,,,,,,,,,,,,,,,,,,
,,,,,,,,,,,,,,,,,,,
,,,,,,,,,,,,,,,,,,,
,,,,,,,,,,,,,,,,,,,
,,,,,,,,,,,,,,,,,,,
,,,,,,,,,,,,,,,,,,,
,,,,,,,,,,,,,,,,,,,
,,,,,,,,,,,,,,,,,,,
,,,,,,,,,,,,,,,,,,,
,,,,,,,,,,,,,,,,,,,
,,,,,,,,,,,,,,,,,,,
,,,,,,,,,,,,,,,,,,,
,,,,,,,,,,,,,,,,,,,
,,,,,,,,,,,,,,,,,,,
,,,,,,,,,,,,,,,,,,,
,,,,,,,,,,,,,,,,,,,
,,,,,,,,,,,,,,,,,,,
,,,,,,,,,,,,,,,,,,,
,,,,,,,,,,,,,,,,,,,
,,,,,,,,,,,,,,,,,,,
,,,,,,,,,,,,,,,,,,,
,,,,,,,,,,,,,,,,,,,
,,,,,,,,,,,,,,,,,,,
,,,,,,,,,,,,,,,,,,,
,,,,,,,,,,,,,,,,,,,
,,,,,,,,,,,,,,,,,,,
,,,,,,,,,,,,,,,,,,,
,,,,,,,,,,,,,,,,,,,
,,,,,,,,,,,,,,,,,,,
,,,,,,,,,,,,,,,,,,,
,,,,,,,,,,,,,,,,,,,
,,,,,,,,,,,,,,,,,,,
,,,,,,,,,,,,,,,,,,,
,,,,,,,,,,,,,,,,,,,
,,,,,,,,,,,,,,,,,,,
,,,,,,,,,,,,,,,,,,,
,,,,,,,,,,,,,,,,,,,
,,,,,,,,,,,,,,,,,,,
,,,,,,,,,,,,,,,,,,,
,,,,,,,,,,,,,,,,,,,
,,,,,,,,,,,,,,,,,,,
,,,,,,,,,,,,,,,,,,,
,,,,,,,,,,,,,,,,,,,
,,,,,,,,,,,,,,,,,,,
,,,,,,,,,,,,,,,,,,,
,,,,,,,,,,,,,,,,,,,
,,,,,,,,,,,,,,,,,,,
,,,,,,,,,,,,,,,,,,,
,,,,,,,,,,,,,,,,,,,
,,,,,,,,,,,,,,,,,,,
,,,,,,,,,,,,,,,,,,,
,,,,,,,,,,,,,,,,,,,
,,,,,,,,,,,,,,,,,,,
,,,,,,,,,,,,,,,,,,,
,,,,,,,,,,,,,,,,,,,
,,,,,,,,,,,,,,,,,,,
,,,,,,,,,,,,,,,,,,,
,,,,,,,,,,,,,,,,,,,
,,,,,,,,,,,,,,,,,,,
,,,,,,,,,,,,,,,,,,,
,,,,,,,,,,,,,,,,,,,
,,,,,,,,,,,,,,,,,,,
,,,,,,,,,,,,,,,,,,,
,,,,,,,,,,,,,,,,,,,
,,,,,,,,,,,,,,,,,,,
,,,,,,,,,,,,,,,,,,,
,,,,,,,,,,,,,,,,,,,
,,,,,,,,,,,,,,,,,,,
,,,,,,,,,,,,,,,,,,,
,,,,,,,,,,,,,,,,,,,
,,,,,,,,,,,,,,,,,,,
,,,,,,,,,,,,,,,,,,,
,,,,,,,,,,,,,,,,,,,
,,,,,,,,,,,,,,,,,,,
,,,,,,,,,,,,,,,,,,,
,,,,,,,,,,,,,,,,,,,
,,,,,,,,,,,,,,,,,,,
,,,,,,,,,,,,,,,,,,,
,,,,,,,,,,,,,,,,,,,
,,,,,,,,,,,,,,,,,,,
,,,,,,,,,,,,,,,,,,,
,,,,,,,,,,,,,,,,,,,
,,,,,,,,,,,,,,,,,,,
,,,,,,,,,,,,,,,,,,,
,,,,,,,,,,,,,,,,,,,
,,,,,,,,,,,,,,,,,,,
,,,,,,,,,,,,,,,,,,,
,,,,,,,,,,,,,,,,,,,
,,,,,,,,,,,,,,,,,,,
,,,,,,,,,,,,,,,,,,,
,,,,,,,,,,,,,,,,,,,
,,,,,,,,,,,,,,,,,,,
,,,,,,,,,,,,,,,,,,,
,,,,,,,,,,,,,,,,,,,
,,,,,,,,,,,,,,,,,,,
,,,,,,,,,,,,,,,,,,,
,,,,,,,,,,,,,,,,,,,
,,,,,,,,,,,,,,,,,,,
,,,,,,,,,,,,,,,,,,,
,,,,,,,,,,,,,,,,,,,
,,,,,,,,,,,,,,,,,,,
,,,,,,,,,,,,,,,,,,,
,,,,,,,,,,,,,,,,,,,
,,,,,,,,,,,,,,,,,,,
,,,,,,,,,,,,,,,,,,,
,,,,,,,,,,,,,,,,,,,
,,,,,,,,,,,,,,,,,,,
,,,,,,,,,,,,,,,,,,,
,,,,,,,,,,,,,,,,,,,
,,,,,,,,,,,,,,,,,,,
,,,,,,,,,,,,,,,,,,,
,,,,,,,,,,,,,,,,,,,
,,,,,,,,,,,,,,,,,,,
,,,,,,,,,,,,,,,,,,,
,,,,,,,,,,,,,,,,,,,
,,,,,,,,,,,,,,,,,,,
,,,,,,,,,,,,,,,,,,,
,,,,,,,,,,,,,,,,,,,
,,,,,,,,,,,,,,,,,,,
,,,,,,,,,,,,,,,,,,,
,,,,,,,,,,,,,,,,,,,
,,,,,,,,,,,,,,,,,,,
,,,,,,,,,,,,,,,,,,,
,,,,,,,,,,,,,,,,,,,
,,,,,,,,,,,,,,,,,,,
,,,,,,,,,,,,,,,,,,,
,,,,,,,,,,,,,,,,,,,
,,,,,,,,,,,,,,,,,,,
,,,,,,,,,,,,,,,,,,,
,,,,,,,,,,,,,,,,,,,
,,,,,,,,,,,,,,,,,,,
,,,,,,,,,,,,,,,,,,,
,,,,,,,,,,,,,,,,,,,
,,,,,,,,,,,,,,,,,,,
,,,,,,,,,,,,,,,,,,,
,,,,,,,,,,,,,,,,,,,
,,,,,,,,,,,,,,,,,,,
,,,,,,,,,,,,,,,,,,,
,,,,,,,,,,,,,,,,,,,
,,,,,,,,,,,,,,,,,,,
,,,,,,,,,,,,,,,,,,,
,,,,,,,,,,,,,,,,,,,
,,,,,,,,,,,,,,,,,,,
,,,,,,,,,,,,,,,,,,,
,,,,,,,,,,,,,,,,,,,
,,,,,,,,,,,,,,,,,,,
,,,,,,,,,,,,,,,,,,,
,,,,,,,,,,,,,,,,,,,
,,,,,,,,,,,,,,,,,,,
,,,,,,,,,,,,,,,,,,,
,,,,,,,,,,,,,,,,,,,
,,,,,,,,,,,,,,,,,,,
,,,,,,,,,,,,,,,,,,,
,,,,,,,,,,,,,,,,,,,
,,,,,,,,,,,,,,,,,,,
,,,,,,,,,,,,,,,,,,,
,,,,,,,,,,,,,,,,,,,
,,,,,,,,,,,,,,,,,,,
,,,,,,,,,,,,,,,,,,,
,,,,,,,,,,,,,,,,,,,
,,,,,,,,,,,,,,,,,,,
,,,,,,,,,,,,,,,,,,,
,,,,,,,,,,,,,,,,,,,
,,,,,,,,,,,,,,,,,,,
,,,,,,,,,,,,,,,,,,,
,,,,,,,,,,,,,,,,,,,
,,,,,,,,,,,,,,,,,,,
,,,,,,,,,,,,,,,,,,,
,,,,,,,,,,,,,,,,,,,
,,,,,,,,,,,,,,,,,,,
,,,,,,,,,,,,,,,,,,,
,,,,,,,,,,,,,,,,,,,
,,,,,,,,,,,,,,,,,,,
,,,,,,,,,,,,,,,,,,,
,,,,,,,,,,,,,,,,,,,
,,,,,,,,,,,,,,,,,,,
,,,,,,,,,,,,,,,,,,,
,,,,,,,,,,,,,,,,,,,
,,,,,,,,,,,,,,,,,,,
,,,,,,,,,,,,,,,,,,,
,,,,,,,,,,,,,,,,,,,
,,,,,,,,,,,,,,,,,,,
,,,,,,,,,,,,,,,,,,,
,,,,,,,,,,,,,,,,,,,
,,,,,,,,,,,,,,,,,,,
,,,,,,,,,,,,,,,,,,,
,,,,,,,,,,,,,,,,,,,
,,,,,,,,,,,,,,,,,,,
,,,,,,,,,,,,,,,,,,,
,,,,,,,,,,,,,,,,,,,
,,,,,,,,,,,,,,,,,,,
,,,,,,,,,,,,,,,,,,,
,,,,,,,,,,,,,,,,,,,
,,,,,,,,,,,,,,,,,,,
,,,,,,,,,,,,,,,,,,,
,,,,,,,,,,,,,,,,,,,
,,,,,,,,,,,,,,,,,,,
,,,,,,,,,,,,,,,,,,,
,,,,,,,,,,,,,,,,,,,
,,,,,,,,,,,,,,,,,,,
,,,,,,,,,,,,,,,,,,,
,,,,,,,,,,,,,,,,,,,
,,,,,,,,,,,,,,,,,,,
,,,,,,,,,,,,,,,,,,,
,,,,,,,,,,,,,,,,,,,
,,,,,,,,,,,,,,,,,,,
,,,,,,,,,,,,,,,,,,,
,,,,,,,,,,,,,,,,,,,
,,,,,,,,,,,,,,,,,,,
,,,,,,,,,,,,,,,,,,,
,,,,,,,,,,,,,,,,,,,
,,,,,,,,,,,,,,,,,,,
,,,,,,,,,,,,,,,,,,,
,,,,,,,,,,,,,,,,,,,
,,,,,,,,,,,,,,,,,,,
,,,,,,,,,,,,,,,,,,,
,,,,,,,,,,,,,,,,,,,
,,,,,,,,,,,,,,,,,,,
,,,,,,,,,,,,,,,,,,,
,,,,,,,,,,,,,,,,,,,
,,,,,,,,,,,,,,,,,,,
,,,,,,,,,,,,,,,,,,,
,,,,,,,,,,,,,,,,,,,
,,,,,,,,,,,,,,,,,,,
,,,,,,,,,,,,,,,,,,,
,,,,,,,,,,,,,,,,,,,
,,,,,,,,,,,,,,,,,,,
,,,,,,,,,,,,,,,,,,,
,,,,,,,,,,,,,,,,,,,
,,,,,,,,,,,,,,,,,,,
,,,,,,,,,,,,,,,,,,,
,,,,,,,,,,,,,,,,,,,
,,,,,,,,,,,,,,,,,,,
,,,,,,,,,,,,,,,,,,,
,,,,,,,,,,,,,,,,,,,
,,,,,,,,,,,,,,,,,,,
,,,,,,,,,,,,,,,,,,,
,,,,,,,,,,,,,,,,,,,
,,,,,,,,,,,,,,,,,,,
,,,,,,,,,,,,,,,,,,,
,,,,,,,,,,,,,,,,,,,
,,,,,,,,,,,,,,,,,,,
,,,,,,,,,,,,,,,,,,,
,,,,,,,,,,,,,,,,,,,
,,,,,,,,,,,,,,,,,,,
,,,,,,,,,,,,,,,,,,,
,,,,,,,,,,,,,,,,,,,
,,,,,,,,,,,,,,,,,,,
,,,,,,,,,,,,,,,,,,,
,,,,,,,,,,,,,,,,,,,
,,,,,,,,,,,,,,,,,,,
,,,,,,,,,,,,,,,,,,,
,,,,,,,,,,,,,,,,,,,
,,,,,,,,,,,,,,,,,,,
,,,,,,,,,,,,,,,,,,,
,,,,,,,,,,,,,,,,,,,
,,,,,,,,,,,,,,,,,,,
,,,,,,,,,,,,,,,,,,,
,,,,,,,,,,,,,,,,,,,
,,,,,,,,,,,,,,,,,,,
,,,,,,,,,,,,,,,,,,,
,,,,,,,,,,,,,,,,,,,
,,,,,,,,,,,,,,,,,,,
,,,,,,,,,,,,,,,,,,,
,,,,,,,,,,,,,,,,,,,
,,,,,,,,,,,,,,,,,,,
,,,,,,,,,,,,,,,,,,,
,,,,,,,,,,,,,,,,,,,
,,,,,,,,,,,,,,,,,,,
,,,,,,,,,,,,,,,,,,,
,,,,,,,,,,,,,,,,,,,
,,,,,,,,,,,,,,,,,,,
,,,,,,,,,,,,,,,,,,,
,,,,,,,,,,,,,,,,,,,
,,,,,,,,,,,,,,,,,,,
,,,,,,,,,,,,,,,,,,,
,,,,,,,,,,,,,,,,,,,
,,,,,,,,,,,,,,,,,,,
,,,,,,,,,,,,,,,,,,,
,,,,,,,,,,,,,,,,,,,
,,,,,,,,,,,,,,,,,,,
,,,,,,,,,,,,,,,,,,,
,,,,,,,,,,,,,,,,,,,
,,,,,,,,,,,,,,,,,,,
,,,,,,,,,,,,,,,,,,,
,,,,,,,,,,,,,,,,,,,
,,,,,,,,,,,,,,,,,,,
,,,,,,,,,,,,,,,,,,,
,,,,,,,,,,,,,,,,,,,
,,,,,,,,,,,,,,,,,,,
,,,,,,,,,,,,,,,,,,,
,,,,,,,,,,,,,,,,,,,
,,,,,,,,,,,,,,,,,,,
,,,,,,,,,,,,,,,,,,,
,,,,,,,,,,,,,,,,,,,
,,,,,,,,,,,,,,,,,,,
,,,,,,,,,,,,,,,,,,,
,,,,,,,,,,,,,,,,,,,
,,,,,,,,,,,,,,,,,,,
,,,,,,,,,,,,,,,,,,,
,,,,,,,,,,,,,,,,,,,
